id,rg,lon,lat
"E12A7FB9-9301-66C3-E040-A8C08F26360C","Banca Popolare di Milano Soc. Coop. a R.L.",9.2075,45.5238
"1843EF69-4A68-3F94-E050-A8C08D261F11","Intesa Sanpaolo - Agenzia 3994",9.2074,45.5231
"E12A7FB4-34A1-66C3-E040-A8C08F26360C","Banca Popolare di Milano Scrl",9.1697,45.5200
"E866F887-7FF1-9DBE-E040-A8C08D26627F","Unicredit Banca - Milano Astesani",9.1698,45.5199
"E12A7FD2-F796-66C3-E040-A8C08F26360C","Banca Popolare di Milano Soc. Coop. a R.L.",9.1565,45.5161
"E12A7FBA-3C5C-66C3-E040-A8C08F26360C","Banca Popolare di Milano Soc. Coop. a R.L.",9.1739,45.5272
"1843EF69-5509-3F94-E050-A8C08D261F11","Intesa Sanpaolo - Agenzia 1914",9.1747,45.5260
"E12A7FC9-3030-66C3-E040-A8C08F26360C","Banca Popolare di Milano Soc. Coop. a R.L.",9.2093,45.5167
"E12A7FC3-E26D-66C3-E040-A8C08F26360C","Intesa Sanpaolo S.p.a.",9.2088,45.5158
"E57901F0-8898-A2AD-E040-A8C08D264C56","Banca Popolare di Sondrio - Societa' Cooperativa per Azioni",9.1362,45.5171
"E7464F3B-8196-49FB-E040-A8C08D2637ED","Barclays",9.1915,45.5175
"1843EF69-4F90-3F94-E050-A8C08D261F11","Intesa Sanpaolo - Agenzia 1888",9.1916,45.5174
"E866F884-F7F5-9DBE-E040-A8C08D26627F","Unicredit Banca - Milano Ornato",9.1913,45.5172
"E12A7FCA-5CBC-66C3-E040-A8C08F26360C","Bpm - Agenzia",9.1730,45.5148
"36FB93FD-DEC6-39FA-E050-A8C08F260D8C","Credito Artigiano",9.1865,45.5274
"E7464F3C-6D6F-49FB-E040-A8C08D2637ED","Credito Artigiano - Agenzia 20",9.1911,45.5154
"412E4A0B-110F-DD8B-E050-A8C08F2621A0","Intesa Sanpaolo",9.1720,45.5164
"ECD5F966-890D-8940-E040-A8C08F266C76","Intesa Sanpaolo - Agenzia 1906",9.1398,45.5147
"F611CF13-4161-ECE4-E040-A8C08D261807","Unicredit Banca - Milano Quarto Oggiaro",9.1387,45.5154
"1843EF69-3BDB-3F94-E050-A8C08D261F11","Intesa Sanpaolo - Agenzia 3981",9.2055,45.5149
"E12A7FCB-B0E9-66C3-E040-A8C08F26360C","Intesa Sanpaolo S.p.a.",9.2266,45.5191
"ECD5F966-7E95-8940-E040-A8C08F266C76","Intesa Sanpaolo S.p.a.",9.1950,45.5162
"0233BC38-947A-DAAA-E050-A8C08D262A4F","Monte dei Paschi di Siena - Filiale 56",9.2258,45.5163
"E57901FB-2E02-A2AD-E040-A8C08D264C56","Ubi Banca - Agenzia 5554",9.1635,45.5262
"E7464F3A-8321-49FB-E040-A8C08D2637ED","Ubi Banca - Agenzia C.T.O. di Milano",9.2139,45.5259
"8A809258-E7DE-1F13-E050-020A3E74195D","Bankbelagroup",9.1993,45.4633
"97FD58AE-45DF-04AA-E050-020A3E740E52","Banca Agricola Popolare di Ragusa",9.1994,45.4632
"27A32227-DEF0-735E-E050-A8C08F263AAB","Banca di Piacenza - Filiale di Porta Vittoria",9.1984,45.4623
"E12A7FB2-21B5-66C3-E040-A8C08F26360C","Bayerische Hypo Und Vereinsbank Ag",9.1978,45.4642
"E57901F3-3993-A2AD-E040-A8C08D264C56","Cre'Dit Agricole Cariparma - Agenzia 11 di Milano",9.1977,45.4626
"63FBC5A0-5CE8-0DA3-E050-020A3E74710B","Dea Capital Real Estate Sgr S.p.a.",9.1986,45.4623
"E5F6C033-2DFF-396C-E040-A8C08D2675C5","Intesa Sanpaolo S.p.a. - Filiale Privati e Business",9.1994,45.4623
"E866F883-09C9-9DBE-E040-A8C08D26627F","Unicredit Banca - Agenzia Milano Freguglia",9.2005,45.4622
"E866F885-BEB2-9DBE-E040-A8C08D26627F","Unicredit Banca - Milano Loreto",9.2165,45.4864
"E12A7FD7-83AD-66C3-E040-A8C08F26360C","Banca Popolare di Milano Soc. Coop. a R.L.",9.2160,45.4855
"E12A7FCD-1F96-66C3-E040-A8C08F26360C","Banca Sella Spa",9.2166,45.4858
"E7464F39-1664-49FB-E040-A8C08D2637ED","Barclays - Agenzia",9.2149,45.4868
"E7464F3C-2DA9-49FB-E040-A8C08D2637ED","Cre'Dit Agricole Cariparma - Agenzia 5 di Milano",9.2169,45.4868
"E7464F38-FA06-49FB-E040-A8C08D2637ED","Fondo Pensione Previbank",9.2171,45.4873
"E12A7FCB-9712-66C3-E040-A8C08F26360C","Ibl Banca Spa",9.2177,45.4864
"0FBF99E7-D56A-64EC-E050-A8C08D2666BC","Intesa Sanpaolo - Filialedi Milano 09",9.2172,45.4858
"E12A7FCA-A3DF-66C3-E040-A8C08F26360C","Raiffeisen Bank International - Agenzia",9.2182,45.4862
"E7464F39-AB9C-49FB-E040-A8C08D2637ED","Deutsche Bank - Sportello Prestitempo",9.1454,45.4689
"E12A7FC2-5227-66C3-E040-A8C08F26360C","Banco di Desio e della Brianza Spa",9.1464,45.4698
"92D856DE-7848-7151-E050-020A3E7461FC","Credit Agricole Italia S.p.a.",9.1464,45.4698
"244079D5-CEDC-BF7D-E050-A8C08D2674F9","Ibl Istituto Bancario del Lavoro S.p.a.",9.1453,45.4691
"0FBF99E8-4C17-64EC-E050-A8C08D2666BC","Ubi Banca - Agenzia",9.1462,45.4698
"E866F882-F0D3-9DBE-E040-A8C08D26627F","Unicredit Banca - Milano Moscova",9.1840,45.4778
"325CCF32-FEB4-291C-E050-A8C08F263A2C","Finecobank Banca Fineco S.p.a.",9.1845,45.4776
"E12A7FBB-A5A5-66C3-E040-A8C08F26360C","Gestioni & Mobiliari ed Immobiliari S.p.a.",9.1859,45.4775
"1843EF69-45FF-3F94-E050-A8C08D261F11","Intesa Sanpaolo - Agenzia 1877",9.1845,45.4776
"E5F6C031-AA3C-396C-E040-A8C08D2675C5","Western Union Agenzia per Invio e Ricezione di Denaro",9.2203,45.4822
"1843EF69-4ABB-3F94-E050-A8C08D261F11","Intesa Sanpaolo - Agenzia 11",9.2201,45.4820
"E12A7FB3-A124-66C3-E040-A8C08F26360C","Banque Chaabi Du Maroc",9.1956,45.4919
"E12A7FCF-1477-66C3-E040-A8C08F26360C","Banco di Desio e della Brianza - Agenzia 59 di Milano",9.2103,45.4851
"E57901E8-6D95-A2AD-E040-A8C08D264C56","Citibank N.A.",9.1878,45.4650
"6775B1EE-6B1B-A4AE-E050-020A3E741CFB","At T Global Network Services Italia Srl",9.1880,45.4660
"60F6C048-8348-745A-E050-020A3E745EC3","At T Global Network Services Italia Srl",9.1880,45.4660
"E12A7FB2-5D66-66C3-E040-A8C08F26360C","Banca Popolare di Puglia e Basilicata Filiale di Milano Fax",9.1878,45.4653
"6AAB16F2-D365-9E8C-E050-020A3E747017","Banca Prossima",9.1877,45.4664
"6DA89E0E-94F9-AC17-E050-020A3E746A82","Banco Bpm",9.1884,45.4659
"E12A7FBE-06B6-66C3-E040-A8C08F26360C","Bank Of China",9.1886,45.4662
"E93CDD2A-52C9-6630-E040-A8C08D263FB4","Deutsche Bank Capital Markets S.p.a.",9.1878,45.4653
"1843EF69-345E-3F94-E050-A8C08D261F11","Unicredit Banca - Centro Corporate Milano Cadorna",9.1882,45.4659
"1843EF69-3BC3-3F94-E050-A8C08D261F11","Unicredit Banca - Cordusio Top Clients",9.1882,45.4659
"E866F882-12FC-9DBE-E040-A8C08D26627F","Unicredit Banca - Milano Centro",9.1882,45.4659
"F611CF13-48B3-ECE4-E040-A8C08D261807","Unicredit Global Information Services Societa' Consortile per Azioni",9.1886,45.4662
"E12A7FC5-1331-66C3-E040-A8C08F26360C","Credem - Agenzia 3",9.2132,45.4728
"F3E37DCE-683D-88B6-E040-A8C08F262296","Ubi Banca - Agenzia 6311",9.1715,45.4690
"E7464F3D-C3D5-49FB-E040-A8C08D2637ED","Banca Sella - Agenzia 2 di Milano",9.1708,45.4697
"E7464F3C-4DE7-49FB-E040-A8C08D2637ED","Barclay'S Bank",9.1715,45.4690
"ECD5F966-888E-8940-E040-A8C08F266C76","Intesa Sanpaolo S.p.a.",9.1730,45.4680
"92D856DE-778D-7151-E050-020A3E7461FC","Cariparma Credit Agricole Italia S.p.a.",9.2003,45.4845
"E12A7FB1-4D4B-66C3-E040-A8C08F26360C","Dea Capital Real Estate Sgr S.p.a.",9.2003,45.4845
"E12A7FCC-83E7-66C3-E040-A8C08F26360C","Deutsche Bank - Sportello D di Milano",9.1992,45.4840
"68BF983A-4C78-21CC-E050-020A3E74748B","Sarma Impianti Srl",9.1999,45.4841
"E12A7FCD-6413-66C3-E040-A8C08F26360C","Ubi Banca - Agenzia Milano",9.1999,45.4837
"E866F881-E14A-9DBE-E040-A8C08D26627F","Unicredit Global Information Services Societa' Consortile per Azioni",9.2014,45.4843
"288B6077-4A49-597B-E050-A8C08F267FC2","Intesa Sanpaolo Previdenza S.p.a. Intesa Sanpaolo S.p.a.",9.1942,45.4636
"6AAB16F3-0BFA-9E8C-E050-020A3E747017","Banca Carige",9.1958,45.4641
"36D5247F-A4FA-74B0-E050-A8C08F264F36","Banca Carige Spa Cassa di Risparmio di Genova e Imperia",9.1936,45.4646
"01E6EF7E-0D38-4163-E050-A8C08F262F6E","Banca Monte dei Paschi di Siena Spa",9.1943,45.4634
"E12A7FD3-9AE9-66C3-E040-A8C08F26360C","Banca Popolare di Milano Soc. Coop. a R.L.",9.1959,45.4637
"288B6074-910F-597B-E050-A8C08F267FC2","Commerzbank Ag",9.1959,45.4637
"F2DA8365-88B1-F859-E040-A8C08F260433","Consorzio Mediolanum Milano 3",9.1937,45.4626
"36FB93FE-0D1C-39FA-E050-A8C08F260D8C","Credito Artigiano",9.1942,45.4636
"369C7063-880B-B77D-E050-A8C08F26337D","Intesa Sanpaolo S.p.a. - Filiale Privati",9.1942,45.4636
"E7464F39-B245-49FB-E040-A8C08D2637ED","Standard Chartered Bank",9.1953,45.4632
"E12A7FC6-BA87-66C3-E040-A8C08F26360C","Abc International Bank Plc",9.1872,45.4591
"E7464F39-A93C-49FB-E040-A8C08D2637ED","Banco di Desio e della Brianza - Agenzia di Milano",9.1877,45.4603
"36FB93FD-E8AA-39FA-E050-A8C08F260D8C","Credito Artigiano",9.1882,45.4600
"E57901F3-AC10-A2AD-E040-A8C08D264C56","Unicredit Global Information Services Societa' Consortile per Azioni",9.1882,45.4600
"E12A7FBE-0453-66C3-E040-A8C08F26360C","Abe Clearing S.a.s.",9.1824,45.4635
"E12A7FB9-5BEA-66C3-E040-A8C08F26360C","Albertini & C. Sgr S.p.a.",9.1829,45.4646
"E12A7FCE-19B9-66C3-E040-A8C08F26360C","Banca Arab Banking Corporation",9.1830,45.4643
"E12A7FB0-FF13-66C3-E040-A8C08F26360C","Banca Popolare di Spoleto Spa",9.1840,45.4634
"37216B2B-1EA6-CD98-E050-A8C08F264F0B","Bper Banca",9.1821,45.4638
"E12A7FB8-38B4-66C3-E040-A8C08F26360C","Ubi Banca - Agenzia 14",9.1831,45.4633
"E12A7FD6-1D80-66C3-E040-A8C08F26360C","Abn Amro Bank N.V.",9.1948,45.4749
"09AEECEB-CA7A-6451-E050-A8C08F2674B4","Banca Euromobiliare Spa",9.1947,45.4755
"E12A7FCE-652B-66C3-E040-A8C08F26360C","Banca Popolare di Milano Soc. Coop. a R.L.",9.1947,45.4760
"E12A7FCA-895B-66C3-E040-A8C08F26360C","Barclays Bank - Agenzia 3 Via Turati",9.1949,45.4737
"1843EF69-4681-3F94-E050-A8C08D261F11","Credem - Agenzia 7",9.1948,45.4749
"946B616A-0BDB-E4A6-E050-020A3E74763F","Mufg Bank Ltd. Filiale Italiana",9.1948,45.4749
"E57901FB-9017-A2AD-E040-A8C08D264C56","Sanpaolo Invest Societa' D'Intermediazione Mobiliare S.p.a.",9.1947,45.4755
"E12A7FD4-9D08-66C3-E040-A8C08F26360C","State Street Bank",9.1947,45.4746
"FAE78E55-74E2-0B73-E040-A8C08D266CCB","The Royal Bank Of Scotland Plc",9.1948,45.4749
"EE5F2AC4-40BD-4C5F-E040-A8C08F267B64","Acf S.p.a.",9.1914,45.4602
"900C9659-3DAE-A5E9-E050-020A3E74193A","Banca Fideuram S.p.a.",9.1907,45.4592
"3EE5D0C5-A194-B99E-E050-A8C08F265445","Advice Center Iwbank Private Investments",9.1470,45.4658
"E12A7FBD-C666-66C3-E040-A8C08F26360C","Banca Banca Popolare di Milano",9.1452,45.4670
"E12A7FB1-6B41-66C3-E040-A8C08F26360C","Sg Factoring S.p.a.",9.1469,45.4661
"6AAB16F3-4F0A-9E8C-E050-020A3E747017","SociÉTÉ GÉNÉRale Factoring",9.1469,45.4661
"E12A7FCA-B95A-66C3-E040-A8C08F26360C","Ubi Banca - Agenzia 5549",9.1478,45.4663
"E866F887-65CF-9DBE-E040-A8C08D26627F","Unicredit Banca - Milano Vittoria Colonna",9.1480,45.4668
"13B4C60F-B552-4049-E050-A8C08D2610FD","Agecasse Lombarda S.r.l.",9.2305,45.4935
"3B4723DE-94A2-3D7B-E050-A8C08D262F2B","Banca per Lo Sviluppo della Cooperazione di Credito - Agenzia di Milano",9.2304,45.4937
"F021CC22-C932-F12E-E040-A8C08F267FE1","Bcc Lease Spa",9.2304,45.4937
"E12A7FBB-2C56-66C3-E040-A8C08F26360C","Agente Western Union - Banco di Sardegna",9.1710,45.4575
"E12A7FCE-EC5D-66C3-E040-A8C08F26360C","Cre'Dit Agricole Cariparma - Filiale di Milano",9.1728,45.4565
"E57901F4-CCAB-A2AD-E040-A8C08D264C56","Intesa Sanpaolo S.p.a.",9.1707,45.4574
"E57901F0-F8F5-A2AD-E040-A8C08D264C56","Ubi Banca - Agenzia 11",9.1699,45.4582
"E12A7FB0-2D48-66C3-E040-A8C08F26360C","Allfunds Bank",9.1683,45.4669
"21C4515A-640D-9271-E050-A8C08D265321","Credem - Agenzia 15",9.1696,45.4678
"E12A7FCB-52A9-66C3-E040-A8C08F26360C","Deutsche Bank Spa",9.1692,45.4671
"2F188176-5432-0322-E050-A8C08D260A59","Partecipazioni Mediterranee",9.1696,45.4678
"E8CB30B7-48F8-8670-E040-A8C08D260279","Analysis S.p.a.",9.1727,45.4670
"E866F882-12FA-9DBE-E040-A8C08D26627F","Credito Artigiano",9.1724,45.4657
"E12A7FD2-A8EB-66C3-E040-A8C08F26360C","Antonveneta Abn Amro Bank Spa",9.1851,45.4654
"E7464F3B-61B9-49FB-E040-A8C08D2637ED","Banca D'Italia - Filiale Milano",9.1854,45.4647
"E12A7FD1-3C09-66C3-E040-A8C08F26360C","Banca di Imola S.p.a.",9.1833,45.4666
"E12A7FB2-12EF-66C3-E040-A8C08F26360C","Banca Finnat Euramerica Spa",9.1845,45.4659
"E12A7FCB-B350-66C3-E040-A8C08F26360C","Banca Intermobiliare di Investimenti e Gestioni Spa",9.1842,45.4659
"53A87141-1181-E8F3-E050-1AACBE0619A3","Consorzio Operativo Gruppo Montepaschi",9.1852,45.4654
"1843EF69-3470-3F94-E050-A8C08D261F11","Cre'Dit Agricole Cariparma - Agenzia 227 di Milano",9.1863,45.4641
"E12A7FD0-530F-66C3-E040-A8C08F26360C","Credito Valtellinese - Agenzia Milano 10",9.1852,45.4654
"E57901EF-D692-A2AD-E040-A8C08D264C56","Deutsche Bank - Filiale Bancaria 460 di Milano",9.1862,45.4661
"1843EF69-3F42-3F94-E050-A8C08D261F11","Intesa Sanpaolo - Agenzia 350",9.1864,45.4651
"88427720-0A92-1435-E050-020A3E745944","Rothschild & Co Italia S.p.a.",9.1866,45.4644
"E866F886-E8A0-9DBE-E040-A8C08D26627F","Unicredito Italiano Spa",9.1863,45.4653
"E12A7FBD-D570-66C3-E040-A8C08F26360C","Antonveneta Abn Amro Bank Spa",9.1684,45.4656
"7CE9D03E-F01F-3D36-E050-020A3E743131","At T Global Network Services Italia S.r.l.",9.1569,45.4714
"EFBD0DEA-F9E2-2A22-E040-A8C08F26242C","Deutsche Bank",9.1553,45.4709
"2F463B75-6C63-8776-E050-A8C08D2672C6","Az Investiment Sim Spa",9.1833,45.4696
"3B4723DE-5CB2-3D7B-E050-A8C08D262F2B","Banca del Piemonte - Agenzia",9.1828,45.4687
"180FDF78-1BCE-1BF7-E050-A8C08F2649EC","Banca del Piemonte S.p.a.",9.1828,45.4686
"12AA8AE6-3879-C412-E050-A8C08F2676A2","Banca del Piemonte S.p.a.",9.1821,45.4703
"18D5D2ED-C25C-3DA0-E050-A8C08F267C96","Banca Monte dei Paschi di Siena S.p.a.",9.1831,45.4691
"0233BC38-9E83-DAAA-E050-A8C08D262A4F","Banco Popolare di Verona",9.1827,45.4684
"E57901EA-4192-A2AD-E040-A8C08D264C56","Citibank N.A.",9.1833,45.4701
"E12A7FC5-6F61-66C3-E040-A8C08F26360C","Intesa Sanpaolo - Agenzia 225",9.1835,45.4686
"E12A7FC0-2BD4-66C3-E040-A8C08F26360C","Ricerche e Studi R & S S.p.a.",9.1828,45.4687
"E8CB30B8-003C-8670-E040-A8C08D260279","Balber Immobiliare S.r.l.",9.2076,45.4545
"75017654-0833-92BF-E050-020A3E7465D8","Bam Srl",9.1960,45.4870
"587F2282-9DE5-E1A7-E050-1AACBE067A56","Intesa Sanpaolo S.p.a.",9.1970,45.4876
"E12A7FBA-85F3-66C3-E040-A8C08F26360C","Banca Akros S.p.a.",9.1511,45.4809
"E12A7FC7-AAA8-66C3-E040-A8C08F26360C","Banca Albertini Syz & C. S.p.a.",9.1906,45.4715
"E7464F3E-EBC2-49FB-E040-A8C08D2637ED","Flashbank",9.1896,45.4726
"E5F6C030-3757-396C-E040-A8C08D2675C5","Intesa Sanpaolo S.p.a.",9.1919,45.4703
"E12A7FBC-7A6D-66C3-E040-A8C08F26360C","Banca Arner S.p.a.",9.2043,45.4737
"E12A7FB5-4614-66C3-E040-A8C08F26360C","Banca Popolare di Sondrio - Societa' Cooperativa per Azioni",9.2055,45.4737
"E2BD75AE-852B-D262-E040-A8C08F2631A6","Ge Capital Interbanca Spa",9.2046,45.4740
"E7464F3E-14A5-49FB-E040-A8C08D2637ED","Interbanca Spa",9.2046,45.4740
"E7464F3F-9956-49FB-E040-A8C08D2637ED","Banca Barclays Assistenza Clienti dall'Estero",9.1927,45.4762
"E866F886-3A45-9DBE-E040-A8C08D26627F","Unicredit Banca - Agenzia",9.1942,45.4755
"E12A7FC9-7C7F-66C3-E040-A8C08F26360C","Banca Brignone S.p.a.",9.1433,45.4764
"ECD5F966-859E-8940-E040-A8C08F266C76","Intesa Sanpaolo S.p.a.",9.1435,45.4758
"75017654-0752-92BF-E050-020A3E7465D8","Rivoira Spa",9.1435,45.4759
"4FA05439-6A65-3DF3-E050-1AACBE065D6C","Banca C.R. Asti S.p.a.",9.1914,45.4687
"E12A7FC7-BE17-66C3-E040-A8C08F26360C","Cassa Lombarda - Sede di Milano",9.1914,45.4687
"E12A7FD1-8F50-66C3-E040-A8C08F26360C","Cbi Factor - Ubi Factor",9.1907,45.4699
"E866F882-D867-9DBE-E040-A8C08D26627F","Credem - Sede di Milano",9.1911,45.4693
"6AAB16F2-B7EE-9E8C-E050-020A3E747017","La Compagnia Finanziaria Merchant Bank",9.1924,45.4676
"E57901F7-7E59-A2AD-E040-A8C08D264C56","Ubi Sistemi e Servizi S.C.P.A.",9.1911,45.4685
"1843EF69-4169-3F94-E050-A8C08D261F11","Unicredit Banca - Centro Corporate Milano Carducci",9.1909,45.4692
"ED4E3A07-C511-A980-E040-A8C08F266EDA","Banca Carige S.p.a. Cassa di Risparmio di Genova e Imperia",9.2255,45.4910
"1FFDE4E8-840A-D788-E050-A8C08D266B4C","Banca Consulia",9.2052,45.4677
"26E63E41-5956-1794-E050-A8C08F262329","Banca Ipibi Financial Advisory S.P.A.",9.2052,45.4677
"E7464F39-AA1E-49FB-E040-A8C08D2637ED","Banca Sella - Agenzia 5",9.2071,45.4689
"1FB9D625-4E9A-8042-E050-A8C08F26572B","Intesa Sanpaolo S.p.a.",9.2067,45.4680
"E12A7FCF-F925-66C3-E040-A8C08F26360C","Finecobank Banca Fineco S.p.a.",9.2060,45.4676
"EC2862CE-6704-DF5A-E040-A8C08D2639BC","Banca del Territorio Lombardo - Filiale 1",9.1836,45.4797
"3B4723DE-6936-3D7B-E050-A8C08D262F2B","Banca del Territorio Lombardo - Filiale 2 Milano",9.1676,45.4722
"E12A7FB1-9BB7-66C3-E040-A8C08F26360C","Banca Popolare di Milano Scrl",9.1694,45.4708
"E866F882-4301-9DBE-E040-A8C08D26627F","Unicredit Banca - Milano Vincenzo Monti",9.1676,45.4722
"596362BD-1A03-E46B-E050-1AACBE06082B","Banca della Nuova Terra S.p.a.",9.1630,45.4878
"1843EF69-3456-3F94-E050-A8C08D261F11","Bcc di Barlassina - Filiale di Milano",9.1621,45.4849
"1843EF69-34C7-3F94-E050-A8C08D261F11","Bcc di Carate Brianza - Societa' Cooperativa - Agenzia 13",9.1627,45.4836
"E7464F3E-2C1D-49FB-E040-A8C08D2637ED","Bcc di Carate Brianza - Societa' Cooperativa - Agenzia 16",9.2037,45.4811
"E12A7FD5-8EB7-66C3-E040-A8C08F26360C","Credito Artigiano",9.2042,45.4801
"E7464F3A-B602-49FB-E040-A8C08D2637ED","Credito Valtellinese - Agenzia di Milano 13",9.2038,45.4798
"E866F886-B738-9DBE-E040-A8C08D26627F","Unicredit Banca - Milano Torriani",9.2037,45.4811
"3B4723DE-5862-3D7B-E050-A8C08D262F2B","Bcc di Carate Brianza - Societa' Cooperativa - Filiale Milano",9.2191,45.4941
"E866F886-B737-9DBE-E040-A8C08D26627F","Unicredit Banca - Milano Viale Monza C",9.2193,45.4946
"E12A7FD6-99AF-66C3-E040-A8C08F26360C","Banca di Credito Cooperativo e Carugate Scrl",9.2290,45.4710
"E7464F3D-1790-49FB-E040-A8C08D2637ED","Bcc di Milano - Agenzia 21",9.2291,45.4707
"6AAB16F2-9720-9E8C-E050-020A3E747017","Bcc Milano",9.2291,45.4707
"E57901E6-DFA6-A2AD-E040-A8C08D264C56","Credito Bergamasco - Agenzia 39",9.2301,45.4718
"E7464F3D-F5DC-49FB-E040-A8C08D2637ED","Banca di Imola - Agenzia 1",9.1735,45.4797
"E12A7FCA-7D8B-66C3-E040-A8C08F26360C","Banca Monte dei Paschi di Siena - Milano Agenzia 48 - Fax",9.1735,45.4797
"E12A7FCD-0A9E-66C3-E040-A8C08F26360C","Banca Popolare di Milano Soc. Coop. a R.L.",9.1720,45.4811
"36FB93FE-25B2-39FA-E050-A8C08F260D8C","Banca di Legnano",9.1588,45.4625
"1843EF69-43D3-3F94-E050-A8C08D261F11","Bpm - Agenzia di Milano 01241",9.1889,45.4682
"180FDF78-1710-1BF7-E050-A8C08F2649EC","Banca Popolare di Milano Scarl",9.1873,45.4683
"E12A7FD6-6CCF-66C3-E040-A8C08F26360C","Banca Esperia S.p.a.",9.1880,45.4676
"E12A7FC4-C4D4-66C3-E040-A8C08F26360C","Banca Ipibi",9.1872,45.4691
"2BA7F1AF-90E8-0072-E050-A8C08D2665BC","Davis e Morgan Merchant Bank S.p.a.",9.1872,45.4678
"E57901EA-9647-A2AD-E040-A8C08D264C56","Dea Capital Real Estate Sgr S.p.a.",9.1882,45.4685
"664E8CCA-BD9D-4259-E050-020A3E7477A2","Intesa Sanpaolo",9.1889,45.4671
"E7464F3C-41AA-49FB-E040-A8C08D2637ED","Merrill Lynch Bank Of America",9.1907,45.4680
"3B4723DE-6521-3D7B-E050-A8C08D262F2B","Ubi Banca - Agenzia Monte di Pieta' di Milano",9.1901,45.4693
"FDF44A38-54D3-6B4D-E040-A8C08D264EE6","Ubi Pramerica",9.1899,45.4693
"E57901FD-5731-A2AD-E040-A8C08D264C56","Ubi Sistemi e Servizi S.C.P.A.",9.1894,45.4679
"E866F884-7C53-9DBE-E040-A8C08D26627F","Unicredit Banca - Milano Verdi",9.1886,45.4685
"288B6077-1D4F-597B-E050-A8C08F267FC2","Unicredit Global Information Services Societa' Consortile per Azioni",9.1886,45.4685
"E12A7FC1-6B6C-66C3-E040-A8C08F26360C","Banca di Piacenza Soc. Coop. per Azioni",9.1595,45.4850
"E12A7FB0-2EA0-66C3-E040-A8C08F26360C","Deutsche Bank - Sportello G di Milano",9.1585,45.4858
"664E8CCA-B458-4259-E050-020A3E7477A2","Intesa Sanpaolo",9.1612,45.4838
"E866F884-AE26-9DBE-E040-A8C08D26627F","Unicredit Banca - Milano Corso Sempione",9.1608,45.4850
"E12A7FB5-6D39-66C3-E040-A8C08F26360C","Banca di Piacenza Soc. Coop. per Azioni",9.2128,45.4857
"E12A7FBD-8DCC-66C3-E040-A8C08F26360C","Deutsche Bank - Sportello e di Milano",9.2148,45.4848
"E12A7FB4-9999-66C3-E040-A8C08F26360C","Ubi Banca - Agenzia 125",9.2134,45.4855
"E12A7FCD-2415-66C3-E040-A8C08F26360C","Banca Euromobilare S.p.a.",9.1890,45.4665
"E7464F3D-2D6B-49FB-E040-A8C08D2637ED","Banca Euromobiliare",9.1890,45.4665
"029C9640-D24D-3F06-E050-A8C08F2672D0","Monte dei Paschi di Siena - Filiale 500 di Milano",9.1892,45.4668
"E5F6C032-F467-396C-E040-A8C08D2675C5","Industrial And Commercial Bank Of China Luxembourg S.A.",9.1889,45.4656
"E12A7FB4-4EE4-66C3-E040-A8C08F26360C","Intesa Sanpaolo S.p.a.",9.1891,45.4665
"EC8C1DDC-6C22-BB1C-E040-A8C08F262F40","Iwbank Private Investments",9.1893,45.4663
"E57901E7-02AF-A2AD-E040-A8C08D264C56","Ubi Banca - Minisportello di Milano",9.1893,45.4660
"E12A7FBA-A3EA-66C3-E040-A8C08F26360C","Banca Euromobiliare Spa",9.1919,45.4702
"8E4D5988-EF58-101D-E050-020A3E74370B","Banca Finnat Euramerica Spa",9.1934,45.4707
"2240BA96-080D-92DE-E050-A8C08F261A37","Intesa Sanpaolo S.p.a.",9.1928,45.4701
"511DDFD6-7974-5FB3-E050-1AACBE062CC3","Ubp (Europe) S.A. Milan Branch Office",9.1917,45.4701
"E12A7FB0-1E35-66C3-E040-A8C08F26360C","Banca Galileo S.p.a.",9.2023,45.4718
"E7464F3C-2ED3-49FB-E040-A8C08D2637ED","Banca Popolare di Milano Scarl",9.2031,45.4721
"E7464F3F-54F8-49FB-E040-A8C08D2637ED","Edmond De Rothschild Sgr Spa",9.2019,45.4714
"E12A7FCE-F460-66C3-E040-A8C08F26360C","Edmond De Rothschild Sgr Spa",9.2024,45.4719
"E7464F3C-5B46-49FB-E040-A8C08D2637ED","Innovest Spa",9.2030,45.4724
"E12A7FBE-8D31-66C3-E040-A8C08F26360C","Intesa Sanpaolo - Agenzia di Milano",9.2016,45.4711
"E12A7FCF-3ADD-66C3-E040-A8C08F26360C","Banca Generali Spa",9.1936,45.4655
"6BAB7569-3A42-2E77-E050-020A3E744C90","Banca Generali Spa",9.1940,45.4655
"71313C1B-1018-38D6-E050-020A3E746341","Banca Generali Spa",9.1930,45.4653
"6BAB7569-3BCB-2E77-E050-020A3E744C90","Banca Generali Spa",9.1936,45.4655
"1843EF69-43C3-3F94-E050-A8C08D261F11","Carige Italia - Sede di Milano",9.1929,45.4647
"E12A7FBD-FDE5-66C3-E040-A8C08F26360C","Rothschild S.p.a.",9.1922,45.4650
"50E4A43B-0297-4673-E050-1AACBE063672","Banca Generali Spa",9.1854,45.4604
"E12A7FB6-F7B8-66C3-E040-A8C08F26360C","Banca Generali Spa",9.1862,45.4610
"36FB93FE-2897-39FA-E050-A8C08F260D8C","Supermoney",9.1867,45.4599
"E12A7FB4-041E-66C3-E040-A8C08F26360C","Unione Gestioni S.I.M. Banche Pop.It.Att. di Gestione Spa",9.1868,45.4595
"E12A7FD3-40D8-66C3-E040-A8C08F26360C","Banca Generali Spa",9.1849,45.4883
"4CE36D13-9592-2F65-E050-1AACBE063C5C","Finecobank Banca Fineco S.p.a.",9.1858,45.4892
"1843EF69-3E8F-3F94-E050-A8C08D261F11","Unicredit Global Information Services Societa' Consortile per Azioni",9.1857,45.4895
"E12A7FC2-C4A0-66C3-E040-A8C08F26360C","Banca Ifigest S.p.a.",9.1982,45.4656
"E2BD75B0-FE3F-D262-E040-A8C08F2631A6","Banca Profilo Spa",9.1994,45.4651
"E57901E6-CF3A-A2AD-E040-A8C08D264C56","Banca Profilo Spa",9.1994,45.4651
"E12A7FB3-5DEF-66C3-E040-A8C08F26360C","Banco Bilbao Vizcaya Argentaria",9.1992,45.4663
"E2BD75B1-737F-D262-E040-A8C08F2631A6","Istituto Centrale delle Banche Popolari Italiane",9.1970,45.4649
"E12A7FC0-4196-66C3-E040-A8C08F26360C","Natixis S.A. Succursale di Milano",9.1998,45.4658
"E12A7FD3-0872-66C3-E040-A8C08F26360C","Sviluppo Immobili Milano Centro S.r.l.",9.1971,45.4660
"E12A7FCF-7610-66C3-E040-A8C08F26360C","Ubi Banca - Agenzia 2002",9.1984,45.4659
"E866F886-D088-9DBE-E040-A8C08D26627F","Unicredit Banca - Milano S.Babila",9.1976,45.4650
"E7464F3C-52BF-49FB-E040-A8C08D2637ED","Villa Litta Modignani",9.1968,45.4646
"E57901ED-A0AC-A2AD-E040-A8C08D264C56","Banca Imi",9.1915,45.4670
"E12A7FB5-7CB3-66C3-E040-A8C08F26360C","Banca Popolare di Milano",9.1930,45.4668
"E12A7FD4-BBCB-66C3-E040-A8C08F26360C","Banca Popolare di Milano",9.1930,45.4668
"E866F881-B131-9DBE-E040-A8C08D26627F","Credito Valtellinese - Agenzia 455",9.1912,45.4667
"415C9BE7-E15E-F19C-E050-A8C08D26618F","Gca Altium",9.1912,45.4667
"E12A7FBD-DBBB-66C3-E040-A8C08F26360C","Jpmorgan Chase Bank",9.1925,45.4670
"1843EF69-4167-3F94-E050-A8C08D261F11","Unicredit Banca - Milano Piazza Meda",9.1933,45.4671
"E2BD75B3-B5E0-D262-E040-A8C08F2631A6","Mediocredito Italiano S.p.a.",9.1899,45.4744
"E6475AC2-7547-3BE5-E040-A8C08D2636C2","Intesa Sanpaolo S.p.a. - Filiale Imprese",9.1909,45.4750
"E57901F5-2CEE-A2AD-E040-A8C08D264C56","Banca Intesabci S.p.a.",9.1748,45.4967
"1843EF69-4AB4-3F94-E050-A8C08D261F11","Unicredit Banca - Centro Corporate Milano Est",9.1748,45.4967
"E866F886-8661-9DBE-E040-A8C08D26627F","Unicredit Spa",9.1748,45.4967
"E57901EE-A29B-A2AD-E040-A8C08D264C56","Banca Intesabci Spa",9.1851,45.4973
"92D856DE-7788-7151-E050-020A3E7461FC","Credit Agricole Italia S.p.a.",9.1861,45.4962
"F4C0AABB-C7B8-3907-E040-A8C08D2658EA","Banca Monte dei Paschi di Siena - Milano Agenzia 25 - Fax",9.1481,45.4917
"1843EF69-4647-3F94-E050-A8C08D261F11","Intesa Sanpaolo - Agenzia 4000",9.1473,45.4918
"16BC2738-1ACD-CCE9-E050-A8C08D26150E","Banca Monte dei Paschi di Siena",9.1951,45.4764
"E7464F3F-54C4-49FB-E040-A8C08D2637ED","Banca Monte dei Paschi di Siena - Agenzia 39",9.1951,45.4764
"288B6075-3125-597B-E050-A8C08F267FC2","Bayerische Landesbank - Filiale di Milano",9.1954,45.4757
"E12A7FD7-B2D8-66C3-E040-A8C08F26360C","Cre'Dit Agricole Cariparma - Agenzia 30",9.1959,45.4773
"92D856DE-7C04-7151-E050-020A3E7461FC","Credit Agricole Italia S.p.a.",9.1959,45.4773
"366C886B-D16B-70DC-E050-A8C08F262794","Deutsche Bank - Agenzia",9.1952,45.4765
"0F20458A-CF72-C4FF-E050-A8C08F260666","Pictet Asset Management Limited",9.1954,45.4757
"01E6EF7D-F71A-4163-E050-A8C08F262F6E","Banca Monte dei Paschi di Siena",9.2194,45.4882
"F611CF13-407F-ECE4-E040-A8C08D261807","Banca Monte dei Paschi di Siena",9.2177,45.4894
"FEBC701B-7E21-D4B3-E040-A8C08F26520A","Banca Monte dei Paschi di Siena Spa",9.2177,45.4894
"E57901E7-38F4-A2AD-E040-A8C08D264C56","Ubi Banca - Agenzia 5574",9.2203,45.4889
"473F77EA-644B-4499-E050-A8C08F264E20","Unione di Banche Italiane S.C.P.A",9.2203,45.4889
"27A32228-7A58-735E-E050-A8C08F263AAB","Banca Monte dei Paschi di Siena",9.1898,45.4620
"E8CB30B7-3EFC-8670-E040-A8C08D260279","Monte dei Paschi di Siena - Agenzia 3",9.1885,45.4626
"E12A7FD3-678A-66C3-E040-A8C08F26360C","Banca Popolare di Bari - Filiale di Milano Sede - Diaz",9.1905,45.4618
"4876261D-EBF3-39BC-E050-A8C08D264D80","Banca Popolare di Milano",9.1885,45.4624
"534EB703-FA83-7F79-E050-1AACBE065207","Banca Progetto S.p.a.",9.1903,45.4626
"7A84C4D4-8B92-828A-E050-020A3E747B90","Banca Progetto S.p.a.",9.1903,45.4626
"E7464F38-D167-49FB-E040-A8C08D2637ED","Banca Reale - Filiale di Milano",9.1887,45.4627
"E7464F3E-D6A4-49FB-E040-A8C08D2637ED","Banca Sella - Agenzia di Milano",9.1895,45.4619
"E12A7FD6-A2C8-66C3-E040-A8C08F26360C","Banca Ubae S.p.a.",9.1898,45.4620
"E12A7FBD-8DCE-66C3-E040-A8C08F26360C","Deutsche Bank - Sportello H di Milano",9.1918,45.4612
"E12A7FB7-DDC1-66C3-E040-A8C08F26360C","Global Broker S.p.a.",9.1896,45.4619
"298529F9-D979-0282-E050-A8C08F266EFA","Intesa Sanpaolo",9.1897,45.4625
"E12A7FB5-4F5A-66C3-E040-A8C08F26360C","Ubae Arab Italian Bank",9.1898,45.4620
"E12A7FD1-E619-66C3-E040-A8C08F26360C","Banca Monte dei Paschi di Siena - Milano Agenzia 5",9.2043,45.5122
"E12A7FD7-83D5-66C3-E040-A8C08F26360C","Banca Monte dei Paschi di Siena - Milano Agenzia 61 - Fax",9.1971,45.4840
"E7464F39-EFB5-49FB-E040-A8C08D2637ED","Cnp Unicredit Vita",9.1977,45.4844
"E7464F3D-BC05-49FB-E040-A8C08D2637ED","Cre'Dit Agricole Cariparma - Agenzia 3 di Milano",9.1984,45.4838
"4EC68832-9E22-DE5D-E050-1AACBE063172","CrÉDit Agricole Cariparma",9.1984,45.4839
"E866F883-3BC1-9DBE-E040-A8C08D26627F","Monte dei Paschi di Siena - Agenzia 61",9.1970,45.4840
"FD883827-844F-EB87-E040-A8C08D264620","Banca Monte dei Paschi di Siena - Milano Agenzia 66 - Fax",9.1548,45.4890
"E12A7FC8-2D98-66C3-E040-A8C08F26360C","Banco di Desio e della Brianza - Agenzia 319 di Milano",9.1551,45.4883
"0233BC38-9CE5-DAAA-E050-A8C08D262A4F","Monte dei Paschi di Siena - Filiale 66 di Milano",9.1548,45.4890
"E12A7FCE-28FB-66C3-E040-A8C08F26360C","Ubi Banca - Agenzia 5552",9.1556,45.4887
"FCF8893B-8A64-F004-E040-A8C08D2678B6","Monte dei Paschi di Siena - Filiale 2804",9.1461,45.4778
"19767F0B-798E-8DAF-E050-A8C08D2649E5","Banca Monte dei Paschi di Siena Spa",9.1461,45.4778
"1843EF69-3F06-3F94-E050-A8C08D261F11","Intesa Sanpaolo - Agenzia 01868",9.1473,45.4785
"ECD5F966-8B2B-8940-E040-A8C08F266C76","Intesa Sanpaolo S.p.a.",9.1463,45.4772
"36FB93FD-EA78-39FA-E050-A8C08F260D8C","Banca Monte dei Paschi di Siena - Milano Agenzia 14",9.1848,45.4932
"6DA89E0E-8FC5-AC17-E050-020A3E746A82","Banco Bpm",9.1852,45.4944
"E12A7FC8-F628-66C3-E040-A8C08F26360C","Intesa Sanpaolo",9.1844,45.4923
"E12A7FC1-56E0-66C3-E040-A8C08F26360C","Unicredit Banca - Milano Carlo Farini",9.1852,45.4944
"E8CB30B9-3F64-8670-E040-A8C08D260279","Banca Monte dei Paschi di Siena - Milano Agenzia 60",9.1950,45.4674
"E12A7FB4-0410-66C3-E040-A8C08F26360C","Banca Passadore - Filiale di Milano",9.1962,45.4669
"7F7977A8-CF04-84B3-E050-020A3E7447BC","Credit Agricole Italia S.p.a.",9.1939,45.4670
"E7464F3A-4966-49FB-E040-A8C08D2637ED","Cre'Dit Agricole Cariparma - Agenzia 4 di Milano",9.1938,45.4672
"758F14C0-D214-2E21-E050-020A3E746BC2","Eticase Sas di del Forno Antonio",9.1951,45.4683
"E12A7FB7-6FD9-66C3-E040-A8C08F26360C","Europe Arab Bank Plc",9.1939,45.4670
"E12A7FCF-B536-66C3-E040-A8C08F26360C","Monte dei Paschi di Siena - Agenzia 37 di Milano",9.1950,45.4674
"E57901EB-D4ED-A2AD-E040-A8C08D264C56","Ubi Banca Private Investment",9.1939,45.4670
"0233BC38-9567-DAAA-E050-A8C08D262A4F","Banca Monte dei Paschi di Siena S.p.a.",9.1466,45.4587
"E866F883-9D4D-9DBE-E040-A8C08D26627F","Banca Monte dei Paschi di Siena S.p.a.",9.1876,45.4575
"E57901F0-3CB6-A2AD-E040-A8C08D264C56","Ubi Banca - Agenzia 74",9.1876,45.4576
"E57901F3-D7D2-A2AD-E040-A8C08D264C56","Ubi Banca - Filiale di Milano",9.1876,45.4576
"E866F886-06D5-9DBE-E040-A8C08D26627F","Unicredit Spa",9.1874,45.4564
"6775B1EE-6C88-A4AE-E050-020A3E741CFB","Banca Monte dei Paschi di Siena S.p.a.",9.2207,45.4989
"0233BC38-9F24-DAAA-E050-A8C08D262A4F","Monte dei Paschi di Siena - Filiale 2805",9.2038,45.4919
"FD883827-823E-EB87-E040-A8C08D264620","Barclays Bank - Filiale Milano",9.2050,45.4915
"E12A7FCA-42E0-66C3-E040-A8C08F26360C","Intesa Sanpaolo S.p.a.",9.2040,45.4922
"E60A8CE3-546E-3BAD-E040-A8C08D267887","Banca Monte dei Paschi di Siena S.p.a.",9.1539,45.4694
"E12A7FD2-11D2-66C3-E040-A8C08F26360C","Ubi Banca - Agenzia 2056",9.1553,45.4695
"E57901F1-49A6-A2AD-E040-A8C08D264C56","Ubi Sistemi e Servizi S.C.P.A.",9.1553,45.4695
"E866F884-0382-9DBE-E040-A8C08D26627F","Unicredit Banca - Milano Buonarroti",9.1553,45.4691
"E7464F3D-4A03-49FB-E040-A8C08D2637ED","Unipol Banca - Filiale 11",9.1554,45.4687
"E8CB30B7-6410-8670-E040-A8C08D260279","Monte dei Paschi di Siena - Agenzia 2",9.1568,45.4597
"2FCED3A3-3A1F-084E-E050-A8C08D260C02","Barklays Bank",9.1565,45.4598
"E12A7FBF-609E-66C3-E040-A8C08F26360C","Monte dei Paschi di Siena - Filiale 65 di Milano",9.2141,45.4622
"E57901FD-005A-A2AD-E040-A8C08D264C56","Ubi Banca - Agenzia 5600",9.2122,45.4622
"E866F887-4D52-9DBE-E040-A8C08D26627F","Unicredit Banca - Milano XXII Marzo",9.2156,45.4622
"E866F882-434B-9DBE-E040-A8C08D26627F","Banca Monte dei Paschi di Siena S.p.a.",9.2278,45.4562
"FCF8893B-7F9F-F004-E040-A8C08D2678B6","Monte dei Paschi di Siena - Agenzia 8",9.1863,45.4774
"FCF8893B-5525-F004-E040-A8C08D2678B6","Monte dei Paschi di Siena - Filiale 54 di Milano",9.1455,45.4975
"29554347-98E5-FCC5-E050-A8C08D263EB8","Banca Monte dei Paschi di Siena S.p.a.",9.1949,45.4901
"E866F885-BEC7-9DBE-E040-A8C08D26627F","Banca Monte dei Paschi di Siena S.p.a.",9.2221,45.4754
"46D39523-6944-B50F-E050-A8C08D2643DE","Banca Monte dei Paschi di Siena Spa",9.2221,45.4754
"E7464F3B-FFB2-49FB-E040-A8C08D2637ED","Barclays Bank",9.2210,45.4751
"E8CB30B9-3F81-8670-E040-A8C08D260279","Unicredit Banca - Milano Plinio",9.2210,45.4751
"0233BC38-9DFC-DAAA-E050-A8C08D262A4F","Monte dei Paschi di Siena - Filiale 49 di Milano",9.1737,45.5138
"16BC2738-17BA-CCE9-E050-A8C08D26150E","Banca Monte dei Paschi di Siena Spa",9.2026,45.4786
"4A4F15D3-2E43-1E11-E050-A8C08F267A33","Banca Valsabbina Societa' Cooperativa per Azioni",9.2040,45.4781
"E12A7FB0-C4FF-66C3-E040-A8C08F26360C","Bper - Banca Popolare dell'Emilia Romagna - Agenzia 2",9.2028,45.4785
"01BA45F9-75E5-0169-E050-A8C08F263267","Banca Monte dei Paschi di Siena Spa",9.1828,45.4650
"EB8BDAF7-B97A-A0B5-E040-A8C08D264590","Banco di Desio e della Brianza - Filiale 13 di Milano",9.1836,45.4643
"036180DA-E90D-D43F-E050-A8C08F263AA0","Bcc Centropadana - Filiale di Milano",9.1829,45.4648
"E2BD75AE-5F82-D262-E040-A8C08F2631A6","Meliorbanca Spa",9.1837,45.4650
"E12A7FCC-DC2F-66C3-E040-A8C08F26360C","Ubi Banca - Agenzia 5589",9.1842,45.4639
"E866F882-8DEA-9DBE-E040-A8C08D26627F","Unicredit Banca - Milano Edison",9.1845,45.4643
"1843EF69-3522-3F94-E050-A8C08D261F11","Unicredit Banca - Centro Corporate Milano Edison",9.1845,45.4643
"E12A7FD2-5DA2-66C3-E040-A8C08F26360C","Vontobel Europe S.A. Milan Branch",9.1829,45.4647
"FD883827-7A2B-EB87-E040-A8C08D264620","Banca Monte dei Paschi di Siena Spa",9.1992,45.4859
"E12A7FD0-5BD1-66C3-E040-A8C08F26360C","Banca Popolare di Milano Soc. Coop. a R.L.",9.1984,45.4873
"FCF8893B-7BDF-F004-E040-A8C08D2678B6","Monte dei Paschi di Siena - Agenzia 1",9.1992,45.4859
"E7464F39-000A-49FB-E040-A8C08D2637ED","Ubi Banca - Filiale di Milano Via Melchiorre Gioia",9.1981,45.4871
"05EC9D7B-EDEC-03C7-E050-A8C08F2676BB","Banca Monte dei Paschi di Siena Spa - Milano Agenzia 52",9.2299,45.4861
"1843EF69-4ADE-3F94-E050-A8C08D261F11","Intesa Sanpaolo - Agenzia 3983",9.2299,45.4861
"E57901FB-55E0-A2AD-E040-A8C08D264C56","Banca Network Investimenti Spa",9.2044,45.4830
"E12A7FCA-7D7F-66C3-E040-A8C08F26360C","Banca Popolare di Milano Soc. Coop. a R.L.",9.2037,45.4840
"2A9CC091-79FE-BE62-E050-A8C08F267D50","Banca Patrimoni Sella & C. S.p.a.",9.1837,45.4669
"E7464F3C-9C0B-49FB-E040-A8C08D2637ED","Banco di Sardegna - Filiale di Milano",9.1833,45.4666
"E12A7FD6-8414-66C3-E040-A8C08F26360C","Banco di Sardegna S.p.a.",9.1833,45.4666
"E6475AC4-3EB7-3BE5-E040-A8C08D2636C2","Banco Do Brasil",9.1847,45.4663
"E57901EC-9334-A2AD-E040-A8C08D264C56","Istituto Centrale delle Banche Popolari Italiane",9.1856,45.4681
"E12A7FBF-740F-66C3-E040-A8C08F26360C","Cassa di Risparmio di Bolzano",9.1847,45.4667
"66B0A88D-94FE-4E8B-E050-020A3E7467F4","Cassa di Risparmio di Bolzano - Filiale",9.1847,45.4672
"EB8BDAF7-8856-A0B5-E040-A8C08D264590","Cre'Dit Agricole Cariparma - Agenzia 12 di Milano",9.1856,45.4681
"E7464F3E-3FB3-49FB-E040-A8C08D2637ED","Rabobank Milan Branch",9.1830,45.4677
"E7464F38-FD35-49FB-E040-A8C08D2637ED","Ubi Banca - Agenzia 5545",9.1720,45.4554
"E12A7FCD-BFA0-66C3-E040-A8C08F26360C","Deutsche Bank - Sportello F di Milano",9.1737,45.4561
"E12A7FC0-A0BA-66C3-E040-A8C08F26360C","Intesa Sanpaolo S.p.a.",9.1720,45.4554
"F1225824-7C59-A1D4-E040-A8C08F265E78","Intesa Sanpaolo Spa",9.1720,45.4554
"E866F887-344E-9DBE-E040-A8C08D26627F","Unicredit Banca - Agenzia di Milano Cristoforo Colombo",9.1727,45.4553
"E57901ED-53C3-A2AD-E040-A8C08D264C56","Ubi Banca - Agenzia Milano Castelvetro",9.1665,45.4861
"E57901E8-F73F-A2AD-E040-A8C08D264C56","Banca Popolare Commercio e Industria Spa",9.2133,45.4709
"6DA89E0E-8D68-AC17-E050-020A3E746A82","Banco Bpm",9.2148,45.4709
"EB8BDAF7-4A44-A0B5-E040-A8C08D264590","Cassa di Risparmio di Parma & Piacenza Spa",9.2149,45.4708
"EB8BDAF6-222C-A0B5-E040-A8C08D264590","Cre'Dit Agricole Cariparma - Agenzia 15 di Milano",9.2149,45.4708
"E5F6C035-14E4-396C-E040-A8C08D2675C5","Bper - Banca Popolare dell'Emilia Romagna - Agenzia 6 di Milano",9.2084,45.4982
"16F9ACEB-6FD1-156B-E050-A8C08F262CD8","Bper Banca",9.2084,45.4982
"E12A7FB3-749C-66C3-E040-A8C08F26360C","Bper - Banca Popolare dell'Emilia Romagna - Agenzia 10 di Milano",9.1629,45.5013
"46D39523-66DC-B50F-E050-A8C08D2643DE","Intesa Sanpaolo",9.1641,45.5003
"E12A7FD6-A3FC-66C3-E040-A8C08F26360C","Intesa Sanpaolo S.p.a.",9.1641,45.5003
"E12A7FBC-32D7-66C3-E040-A8C08F26360C","Unipol Banca - Filiale 50",9.1646,45.5020
"E12A7FB1-2FED-66C3-E040-A8C08F26360C","Banca Popolare dell'Emilia Romagna Societa' Cooperativa",9.2113,45.4708
"E12A7FCA-C8B3-66C3-E040-A8C08F26360C","Banca Popolare dell'Emilia Romagna Societa' Cooperativa",9.1466,45.4551
"E12A7FCE-3A06-66C3-E040-A8C08F26360C","Banca Popolare di Milano Scrl",9.1472,45.4540
"E12A7FB8-CC38-66C3-E040-A8C08F26360C","Banca Popolare di Bari Filiale di Milano Sempione",9.1698,45.4779
"E12A7FB6-441A-66C3-E040-A8C08F26360C","Credem - Agenzia 4",9.1694,45.4785
"FF7C400E-8A5B-355B-E040-A8C08F266B0F","Monte dei Paschi di Siena - Agenzia 4 di Milano",9.1686,45.4771
"E60A8CE3-C45D-3BAD-E040-A8C08D267887","Banca Popolare di Milano",9.1465,45.4604
"E7464F39-6F67-49FB-E040-A8C08D2637ED","Banca Popolare di Milano - Agenzia 348",9.2366,45.4710
"E12A7FC3-A149-66C3-E040-A8C08F26360C","Banca Popolare di Milano 357",9.1971,45.5085
"E12A7FB8-EE57-66C3-E040-A8C08F26360C","Banca Popolare di Milano Scarl",9.2116,45.4804
"E12A7FD0-5950-66C3-E040-A8C08F26360C","Banca Popolare di Milano Soc. Coop. a R.L.",9.2113,45.4804
"E12A7FD7-29D2-66C3-E040-A8C08F26360C","Ubi Banca - Agenzia 04",9.2122,45.4815
"E12A7FC5-11ED-66C3-E040-A8C08F26360C","Banca Popolare di Milano Scrl",9.2037,45.4955
"E12A7FC8-0D38-66C3-E040-A8C08F26360C","Ubi Banca - Filiale di Milano Affori",9.2038,45.4956
"369C7063-1BF1-B77D-E050-A8C08F26337D","Unicredit Spa",9.2030,45.4957
"E12A7FBD-5174-66C3-E040-A8C08F26360C","Banca Popolare di Milano Scrl",9.1531,45.4540
"E7464F3E-2CDA-49FB-E040-A8C08D2637ED","Barclays Bank - Filiale 024",9.1522,45.4537
"E12A7FAF-E563-66C3-E040-A8C08F26360C","Deutsche Bank - Sportello I di Milano",9.1534,45.4542
"E866F883-52E2-9DBE-E040-A8C08D26627F","Unicredit Banca - Milano Piazza Napoli",9.1548,45.4534
"E12A7FD1-7BA4-66C3-E040-A8C08F26360C","Banca Popolare di Milano Scrl",9.2173,45.4764
"21C4515A-6404-9271-E050-A8C08D265321","Credito Valtellinese - Agenzia 16 di Milano",9.2182,45.4763
"E12A7FB0-6C83-66C3-E040-A8C08F26360C","Banca Popolare di Milano Scrl",9.2163,45.4924
"E7464F3F-20BC-49FB-E040-A8C08D2637ED","Barclays",9.2163,45.4933
"E7464F3D-F60A-49FB-E040-A8C08D2637ED","Barclays Bank - Agenzia 33",9.2163,45.4930
"369C7063-6558-B77D-E050-A8C08F26337D","Intesa Sanpaolo S.p.a. - Filiale Imprese",9.2182,45.4909
"E12A7FCD-88A1-66C3-E040-A8C08F26360C","Banca Popolare di Milano Scrl",9.1490,45.4742
"E12A7FCB-9FF9-66C3-E040-A8C08F26360C","Banca Popolare di Milano Scrl",9.1441,45.4829
"E12A7FCA-52BA-66C3-E040-A8C08F26360C","Banca Popolare di Milano Scrl",9.2212,45.4681
"ECD5F966-7A0C-8940-E040-A8C08F266C76","Cassa di Risparmio di Parma e Piacenza Spa",9.2229,45.4682
"E12A7FB3-3FE7-66C3-E040-A8C08F26360C","Cre'Dit Agricole Cariparma - Agenzia 602",9.2229,45.4682
"1843EF69-41A9-3F94-E050-A8C08D261F11","Ubi Banca - Agenzia 5585",9.2227,45.4679
"E12A7FC7-114A-66C3-E040-A8C08F26360C","Banca Popolare di Milano Scrl",9.2117,45.4561
"E12A7FB6-2644-66C3-E040-A8C08F26360C","Banca Popolare di Milano Scrl",9.2067,45.4720
"E12A7FD3-6388-66C3-E040-A8C08F26360C","Banca Popolare di Milano Scrl",9.2216,45.5026
"664E8CCA-BC2C-4259-E050-020A3E7477A2","Intesa Sanpaolo",9.2218,45.5031
"E12A7FB0-4E5D-66C3-E040-A8C08F26360C","Banca Popolare di Milano Scrl",9.2324,45.4700
"E12A7FD6-006D-66C3-E040-A8C08F26360C","Banca Popolare di Milano Scrl",9.1855,45.4959
"E7464F39-A304-49FB-E040-A8C08D2637ED","Cre'Dit Agricole Cariparma - Agenzia 2 di Milano",9.1858,45.4957
"E12A7FCF-B26B-66C3-E040-A8C08F26360C","Banca Popolare di Milano Soc. Coop. a R.L.",9.1766,45.5031
"E5F6C031-7C11-396C-E040-A8C08D2675C5","Intesa Sanpaolo S.p.a.",9.1765,45.5036
"E12A7FB4-F6E1-66C3-E040-A8C08F26360C","Banca Popolare di Milano Soc. Coop. a R.L.",9.1652,45.5018
"21C45158-D630-9271-E050-A8C08D265321","Bpm - Agenzia 00045",9.1652,45.5014
"E866F882-5BE9-9DBE-E040-A8C08D26627F","Unicredit Banca - Agenzia Milano Bausan",9.1653,45.5025
"E12A7FCF-B251-66C3-E040-A8C08F26360C","Banca Popolare di Milano Soc. Coop. a R.L.",9.2024,45.5082
"39679F12-3ADB-79BC-E050-A8C08F261607","Banco Popolare Divisione Leasing",9.2010,45.5076
"E12A7FC5-4892-66C3-E040-A8C08F26360C","Banca Popolare di Milano Soc. Coop. a R.L.",9.2276,45.4623
"2731C2A1-BB90-AAFB-E050-A8C08F260186","Banca Sella S.p.a.",9.2286,45.4621
"E7464F3E-6613-49FB-E040-A8C08D2637ED","Credem - Agenzia 2",9.2278,45.4620
"E12A7FC9-138B-66C3-E040-A8C08F26360C","Credito Emiliano Spa",9.2277,45.4614
"E12A7FBD-7E17-66C3-E040-A8C08F26360C","Banca Popolare di Milano Soc. Coop. a R.L.",9.2023,45.4623
"E57901F9-81DE-A2AD-E040-A8C08D264C56","Credit Industriel Et Commercial",9.2027,45.4624
"E12A7FC4-A54F-66C3-E040-A8C08F26360C","Banca Popolare di Milano Soc. Coop. a R.L.",9.1759,45.4682
"E12A7FD0-1241-66C3-E040-A8C08F26360C","Ing Bank N.V.",9.1760,45.4694
"E57901F3-8E67-A2AD-E040-A8C08D264C56","Ubi Banca - Agenzia 2275",9.1753,45.4678
"E866F882-8D49-9DBE-E040-A8C08D26627F","Unicredit Banca - Milano Cadorna",9.1757,45.4678
"E12A7FCA-6F36-66C3-E040-A8C08F26360C","Banca Popolare di Milano Soc. Coop. a R.L.",9.1555,45.4679
"E12A7FCA-ABA1-66C3-E040-A8C08F26360C","Cre'Dit Agricole Cariparma - Agenzia 29",9.1553,45.4680
"92D856DE-783E-7151-E050-020A3E7461FC","Credit Agricole Italia S.p.a.",9.1553,45.4680
"E12A7FC4-A288-66C3-E040-A8C08F26360C","Banca Popolare di Milano Soc. Coop. a R.L.",9.2102,45.5033
"E12A7FB2-6C69-66C3-E040-A8C08F26360C","Banca Popolare di Milano Soc. Coop. a R.L.",9.2382,45.4621
"E12A7FD6-DAF6-66C3-E040-A8C08F26360C","Banca Popolare di Milano Soc. Coop. a R.L.",9.1644,45.4605
"5AA9CFF7-9D07-6191-E050-1AACBE0660A8","Banco Desio",9.1647,45.4602
"E7464F3E-2784-49FB-E040-A8C08D2637ED","Unipol Banca - Filiale 51",9.1644,45.4612
"E12A7FCF-7B1E-66C3-E040-A8C08F26360C","Banca Popolare di Milano Soc. Coop. a R.L.",9.1671,45.4803
"E12A7FC3-1C99-66C3-E040-A8C08F26360C","Banca Popolare di Milano Soc. Coop. a R.L.",9.1671,45.4803
"92D856DE-7B69-7151-E050-020A3E7461FC","Credit Agricole Italia S.p.a.",9.1659,45.4813
"F0FACB8B-3752-249B-E040-A8C08D2662B6","Monte dei Paschi di Siena - Agenzia 12 di Milano",9.1690,45.4803
"E12A7FB6-CCC6-66C3-E040-A8C08F26360C","Banca Popolare di Milano Soc. Coop. a R.L.",9.2372,45.4864
"E12A7FC4-A287-66C3-E040-A8C08F26360C","Banca Popolare di Milano Soc. Coop. a R.L.",9.1840,45.4721
"E7464F3C-372A-49FB-E040-A8C08D2637ED","Credito Valtellinese - Agenzia di Milano 5",9.1843,45.4712
"3B4723DE-5C95-3D7B-E050-A8C08D262F2B","Credito Siciliano - Agenzia",9.1828,45.4732
"1843EF69-464D-3F94-E050-A8C08D261F11","Intesa Sanpaolo - Agenzia 1885",9.1840,45.4719
"E12A7FD2-4FAC-66C3-E040-A8C08F26360C","Banca Popolare di Milano Soc. Coop. a R.L.",9.1531,45.4641
"E12A7FD6-3790-66C3-E040-A8C08F26360C","Banca Popolare di Milano Soc. Coop. a R.L.",9.1696,45.4877
"E7464F39-D985-49FB-E040-A8C08D2637ED","Credito Valtellinese - Agenzia 3 di Milano",9.1685,45.4877
"E12A7FD4-4066-66C3-E040-A8C08F26360C","Banca Popolare di Milano Soc. Coop. a R.L.",9.2256,45.4844
"E12A7FB3-11CD-66C3-E040-A8C08F26360C","Banca Popolare di Milano Soc. Coop. a R.L.",9.1496,45.4671
"E7464F3E-D5F4-49FB-E040-A8C08D2637ED","Banco di Desio e della Brianza - Agenzia 42 di Milano",9.1494,45.4663
"E57901E9-C671-A2AD-E040-A8C08D264C56","Credito Bergamasco - Agenzia 4223",9.1497,45.4672
"E57901EE-63E0-A2AD-E040-A8C08D264C56","Deutsche Bank - Sportello di Milano 2",9.1494,45.4658
"E12A7FC7-C9B5-66C3-E040-A8C08F26360C","Intesa Sanpaolo S.p.a.",9.1503,45.4665
"E12A7FBD-7E16-66C3-E040-A8C08F26360C","Banca Popolare di Milano Soc. Coop. a R.L.",9.1399,45.4954
"E57901FA-1438-A2AD-E040-A8C08D264C56","Ubi Banca - Agenzia",9.1387,45.4960
"E866F882-1240-9DBE-E040-A8C08D26627F","Unicredit Banca - Milano Certosa C",9.1400,45.4951
"E12A7FBA-39F7-66C3-E040-A8C08F26360C","Banca Popolare di Milano Soc. Coop. a R.L.",9.2193,45.4577
"E12A7FB2-99AF-66C3-E040-A8C08F26360C","Idea Fimit Sgr Spa",9.2176,45.4582
"E12A7FC5-EF96-66C3-E040-A8C08F26360C","Banca Popolare di Milano Soc. Coop. a R.L.",9.2243,45.5115
"E866F883-220F-9DBE-E040-A8C08D26627F","Unicredit Banca - Agenzia",9.2248,45.5124
"E12A7FC8-8890-66C3-E040-A8C08F26360C","Banca Popolare di Milano Soc. Coop. a R.L.",9.2368,45.5074
"E12A7FC1-60B3-66C3-E040-A8C08F26360C","Banca Popolare di Milano Soc. Coop. a R.L.",9.1740,45.4562
"E866F883-09CA-9DBE-E040-A8C08D26627F","Unicredit Banca - Milano Corso Genova",9.1755,45.4571
"E12A7FBC-2CDD-66C3-E040-A8C08F26360C","Banca Popolare di Milano Soc. Coop. a R.L.",9.1602,45.4779
"E12A7FD2-E6A1-66C3-E040-A8C08F26360C","Banca Popolare di Milano Soc. Coop. a R.L.",9.1505,45.4930
"664E8CCA-C21A-4259-E050-020A3E7477A2","Intesa Sanpaolo",9.1512,45.4942
"E12A7FC7-3BE6-66C3-E040-A8C08F26360C","Banca Popolare di Milano Soc. Coop. a R.L.",9.2272,45.4941
"E12A7FC1-60AC-66C3-E040-A8C08F26360C","Banca Popolare di Milano Soc. Coop. a R.L.",9.2097,45.4786
"E12A7FAF-2D26-66C3-E040-A8C08F26360C","Banca Popolare di Milano Soc. Coop. a R.L.",9.1907,45.4899
"E12A7FC5-C964-66C3-E040-A8C08F26360C","Banco di Desio e della Brianza - Filiale di Milano Via Trau'",9.1900,45.4900
"E57901E6-CBAD-A2AD-E040-A8C08D264C56","Ubi Sistemi e Servizi S.C.P.A.",9.1915,45.4893
"E12A7FD2-4C88-66C3-E040-A8C08F26360C","Banca Popolare di Milano Soc. Coop. a R.L.",9.1515,45.4996
"ECD5F966-7B5C-8940-E040-A8C08F266C76","Intesa Sanpaolo S.p.a.",9.1506,45.4986
"E12A7FD7-A8AB-66C3-E040-A8C08F26360C","Banca Popolare di Sondrio - Agenzia 10 di Via Solari",9.1659,45.4561
"E12A7FAF-96E7-66C3-E040-A8C08F26360C","Ubi Banca - Agenzia 5591",9.1652,45.4560
"E7464F3A-146B-49FB-E040-A8C08D2637ED","Banca Popolare Etica - Agenzia di Milano",9.2072,45.4759
"ED72EC3C-1974-34BE-E040-A8C08F26700F","Banca Popolare Etica - Filiale di Ancona",9.2072,45.4758
"E12A7FD3-DCA8-66C3-E040-A8C08F26360C","Banco di Desio e della Brianza - Filiale di Milano Corso Buenos Aires",9.2067,45.4761
"EB8BDAF5-DFD6-A0B5-E040-A8C08D264590","Cassa di Risparmio di Parma e Piacenza Spa",9.2084,45.4760
"ECD5F966-7F0A-8940-E040-A8C08F266C76","Cre'Dit Agricole Cariparma - Agenzia 28",9.2084,45.4760
"1843EF69-4AC4-3F94-E050-A8C08D261F11","Credem - Agenzia 17",9.2057,45.4769
"E12A7FD1-89A7-66C3-E040-A8C08F26360C","Credito Emiliano Spa",9.2070,45.4766
"E57901F5-55AE-A2AD-E040-A8C08D264C56","Ubi Banca - Agenzia 5553 di Milano",9.2081,45.4766
"E7464F3B-2AEA-49FB-E040-A8C08D2637ED","Banca Sella - Agenzia 4 di Milano",9.2076,45.4608
"E7464F3D-F012-49FB-E040-A8C08D2637ED","Barclays Bank",9.2068,45.4595
"21C45159-6339-9271-E050-A8C08D265321","Credem - Agenzia 6",9.2064,45.4601
"E7464F3A-F4FB-49FB-E040-A8C08D2637ED","Banca Sella - Agenzia 86 di Milano",9.1633,45.4545
"E12A7FBE-F55C-66C3-E040-A8C08F26360C","Banca Sistema S.p.a.",9.2007,45.4670
"E12A7FBE-04BC-66C3-E040-A8C08F26360C","Credito Emiliano Spa",9.2023,45.4672
"6DA89E0E-9DCF-AC17-E050-020A3E746A82","Banco Bpm",9.1659,45.4697
"6DA89E0E-9B7A-AC17-E050-020A3E746A82","Banco Bpm",9.2172,45.4622
"79BF5BC3-7FFB-E021-E050-020A3E7411FC","Banco Bpm",9.2186,45.4622
"9D26A135-EFF9-9EFA-E050-020A3E741C99","Intesa Sanpaolo",9.2175,45.4628
"E6475AC3-1D00-3BE5-E040-A8C08D2636C2","Intesa Sanpaolo S.p.a. - Filiale Imprese",9.2175,45.4626
"E57901EF-EC4A-A2AD-E040-A8C08D264C56","Credito Bergamasco S.p.a.",9.1885,45.4605
"E12A7FC5-55C7-66C3-E040-A8C08F26360C","Cassa di Risparmio di San Miniato - Filiale di Milano",9.1885,45.4616
"E60A8CE3-E784-3BAD-E040-A8C08D267887","Cre'Dit Agricole Cariparma - Agenzia 1 di Milano",9.1901,45.4600
"1843EF69-36ED-3F94-E050-A8C08D261F11","Credito Bergamasco - Agenzia 4080",9.1885,45.4605
"EB8BDAF8-19D8-A0B5-E040-A8C08D264590","Unipol Banca - Filiale 253",9.1878,45.4614
"6DA89E0E-9796-AC17-E050-020A3E746A82","Banco Bpm",9.1912,45.4882
"6DA89E0E-9635-AC17-E050-020A3E746A82","Banco Bpm",9.1758,45.4779
"6AAB16F3-6AD6-9E8C-E050-020A3E747017","Banco Desio",9.1803,45.4657
"E93CDD2B-4354-6630-E040-A8C08D263FB4","Bnp Paribas Securities Services",9.1794,45.4649
"E12A7FAE-5BCB-66C3-E040-A8C08F26360C","Banco di Desio e della Brianza - Agenzia 346 di Milano",9.1898,45.4767
"E57901E6-FC1C-A2AD-E040-A8C08D264C56","Unicredit Global Information Services Societa' Consortile per Azioni",9.1885,45.4759
"E7464F39-272A-49FB-E040-A8C08D2637ED","Banco di Desio e della Brianza - Agenzia 52 di Milano",9.1639,45.4588
"E7464F3D-7600-49FB-E040-A8C08D2637ED","Banco di Desio e della Brianza - Agenzia 75 di Milano",9.2031,45.4537
"E12A7FD3-C9F8-66C3-E040-A8C08F26360C","Deutsche Bank Spa",9.2043,45.4550
"E7464F3B-6216-49FB-E040-A8C08D2637ED","Banco di Desio e della Brianza - Agenzia 96 di Milano",9.2133,45.4683
"E12A7FBD-FDE6-66C3-E040-A8C08F26360C","Intesa Sanpaolo S.p.a.",9.2149,45.4682
"E12A7FB9-3962-66C3-E040-A8C08F26360C","Ubi Banca - Agenzia 18",9.2132,45.4682
"E12A7FB5-2DEF-66C3-E040-A8C08F26360C","Ubi Banca - Agenzia 2370",9.2116,45.4676
"3B4723DE-7A47-3D7B-E050-A8C08D262F2B","Banco di Desio e della Brianza - Filiale",9.1757,45.4660
"3B4723DE-6943-3D7B-E050-A8C08D262F2B","Cre'Dit Agricole Cariparma - Filiale di Milano Via Monti",9.1754,45.4662
"1843EF69-4FF3-3F94-E050-A8C08D261F11","Intesa Sanpaolo - Agenzia 07",9.1768,45.4661
"3B4723DE-6D6C-3D7B-E050-A8C08D262F2B","Unicredit Banca - Milano Carducci",9.1758,45.4663
"E12A7FC3-1FD0-66C3-E040-A8C08F26360C","Banco di Sardegna - Agenzia 6",9.1882,45.4782
"50E4A43B-0787-4673-E050-1AACBE063672","Ubi Banca",9.1881,45.4770
"E57901F6-D6AA-A2AD-E040-A8C08D264C56","Ubi Banca - Agenzia di Milano Via della Moscova",9.1881,45.4770
"E12A7FB2-632D-66C3-E040-A8C08F26360C","Banco Do Brasil S.A.",9.1807,45.4686
"E12A7FCF-0C14-66C3-E040-A8C08F26360C","Monte dei Paschi di Siena - Agenzia 30",9.1820,45.4680
"E12A7FC9-7C04-66C3-E040-A8C08F26360C","Bank For Development And Foreign Economic Affairs (Vnesheconomban K)",9.1929,45.4798
"E12A7FB2-2A03-66C3-E040-A8C08F26360C","Bank Of Foreign Trade Of Russian Federation - Uff.Rap.",9.1942,45.4795
"E7464F3C-6B53-49FB-E040-A8C08D2637ED","Credit Lyonnais",9.1917,45.4804
"E12A7FC4-EE6D-66C3-E040-A8C08F26360C","De Lage Landen International B.V.",9.1919,45.4804
"E12A7FC5-85E9-66C3-E040-A8C08F26360C","Ubi Banca - Minisportello di Milano",9.1923,45.4785
"E7464F3F-8417-49FB-E040-A8C08D2637ED","Barclays",9.1945,45.4886
"F31A1C2A-8486-DA6C-E040-A8C08D261746","Deutsche Bank Easy",9.1941,45.4887
"E12A7FBC-F5B3-66C3-E040-A8C08F26360C","Ubi Banca - Agenzia 5560",9.1935,45.4880
"E866F885-EFCE-9DBE-E040-A8C08D26627F","Unicredit Banca - Milano Pola",9.1941,45.4887
"2731C2A1-3550-AAFB-E050-A8C08F260186","Barclays",9.1703,45.4536
"F7778B09-2DFB-B764-E040-A8C08D266804","Barclays",9.1568,45.4844
"E7464F3B-CDE8-49FB-E040-A8C08D2637ED","Barclays - Agenzia 25",9.1716,45.4876
"E7464F38-D2DD-49FB-E040-A8C08D2637ED","Barclays Bank",9.2169,45.4560
"1843EF69-506A-3F94-E050-A8C08D261F11","Intesa Sanpaolo - Agenzia 008",9.2173,45.4569
"E7464F3A-836C-49FB-E040-A8C08D2637ED","Barclays Bank - Filiale 1622",9.1946,45.4568
"374D7A9C-658D-A7FA-E050-A8C08F2657BD","Finecobank Banca Fineco S.p.a.",9.1938,45.4573
"ECD5F966-8C78-8940-E040-A8C08F266C76","Intesa Sanpaolo S.p.a.",9.1934,45.4577
"E57901EE-76C4-A2AD-E040-A8C08D264C56","Ubi Banca - Agenzia 29",9.1948,45.4567
"EB8BDAF7-B61F-A0B5-E040-A8C08D264590","Bcc di Milano - Agenzia di Milano",9.2228,45.5065
"E7464F39-3A85-49FB-E040-A8C08D2637ED","Bcc di Milano - Agenzia Milano Due",9.2015,45.4899
"E12A7FC5-E9F2-66C3-E040-A8C08F26360C","Bhw Bausparkasse A.G.",9.1833,45.4620
"E7464F3D-5145-49FB-E040-A8C08D2637ED","Intesa Sanpaolo - Agenzia 23 di Milano",9.1852,45.4613
"95741CAA-5EF3-BB31-E050-020A3E741B9C","Bonaparte S.r.l.",9.1784,45.4678
"F2F1CC10-6FB5-FF32-E040-A8C08F267A97","Cardif Vita - Assistenza Clienti Banca delle Marche",9.2356,45.4916
"E12A7FB7-CE9F-66C3-E040-A8C08F26360C","Cre'Dit Agricole Cariparma - Agenzia 39",9.2367,45.4909
"92D856DE-7B47-7151-E050-020A3E7461FC","Credit Agricole Italia S.p.a.",9.2367,45.4909
"E7464F3D-F56B-49FB-E040-A8C08D2637ED","Ubi Assicurazioni S.p.a.",9.2356,45.4916
"E866F882-7594-9DBE-E040-A8C08D26627F","Unicredit Banca - Milano Piazza Udine",9.2366,45.4911
"36FB93FE-25E4-39FA-E050-A8C08F260D8C","Cariparma",9.1609,45.4876
"E12A7FBD-A934-66C3-E040-A8C08F26360C","Cre'Dit Agricole Cariparma - Agenzia 40",9.1609,45.4876
"E7464F3A-8492-49FB-E040-A8C08D2637ED","Intesa Sanpaolo - Agenzia 4 di Milano",9.1609,45.4882
"E12A7FD6-7432-66C3-E040-A8C08F26360C","Ubi Banca - Agenzia 5593",9.1595,45.4865
"92D856DE-7AAB-7151-E050-020A3E7461FC","Credit Agricole Italia S.p.a.",9.1816,45.4830
"E12A7FCB-F8E9-66C3-E040-A8C08F26360C","Cre'Dit Agricole Cariparma - Agenzia 25",9.1816,45.4830
"6AAB16F3-5023-9E8C-E050-020A3E747017","Cariparma - Agenzia 20",9.1546,45.4554
"92D856DE-7A0B-7151-E050-020A3E7461FC","Credit Agricole Italia S.p.a.",9.1546,45.4554
"EB8BDAF7-53A4-A0B5-E040-A8C08D264590","Cre'Dit Agricole Cariparma - Agenzia 42",9.1546,45.4554
"E7464F3E-59EF-49FB-E040-A8C08D2637ED","Ubi Banca - Agenzia 05",9.1547,45.4565
"E57901F3-9B8B-A2AD-E040-A8C08D264C56","Cartasi",9.1630,45.4823
"E12A7FC2-ECCC-66C3-E040-A8C08F26360C","Icbpi - Istituto Centrale delle Banche Popolari S.p.a.",9.1630,45.4823
"E57901E7-04B8-A2AD-E040-A8C08D264C56","Intesa Sanpaolo - Agenzia di Milano Via Domodossola",9.1623,45.4815
"E74BC5FB-6E9B-5B3A-E040-A8C08D267E6D","Cartimpronta",9.2284,45.5099
"3CEE9130-0F20-CB28-E050-A8C08F2674D5","Consultinvest Investimenti Sim - Assistenza Clienti",9.2284,45.5099
"92D856DE-7A26-7151-E050-020A3E7461FC","Credit Agricole Italia S.p.a.",9.2177,45.4731
"E5F6C034-0AB4-396C-E040-A8C08D2675C5","Cre'Dit Agricole Cariparma - Agenzia 34 di Milano",9.2169,45.4735
"1843EF69-3E32-3F94-E050-A8C08D261F11","Intesa Sanpaolo - Agenzia 03671",9.2173,45.4738
"E12A7FCE-459D-66C3-E040-A8C08F26360C","Intesa Sanpaolo S.p.a.",9.2173,45.4738
"F4958484-86DE-FC15-E040-A8C08F2614B8","Monte dei Paschi di Siena - Agenzia 06 di Milano",9.2187,45.4742
"92D856DE-7A0E-7151-E050-020A3E7461FC","Credit Agricole Italia S.p.a.",9.1819,45.4590
"E7464F3A-B9B8-49FB-E040-A8C08D2637ED","Ubi Banca - Agenzia 5589",9.1809,45.4602
"E866F885-8C2E-9DBE-E040-A8C08D26627F","Unicredit Banca - Milano Carrobbio",9.1809,45.4601
"E12A7FC8-6491-66C3-E040-A8C08F26360C","Cassa Lombarda - Agenzia C",9.1697,45.4636
"36D5247F-B5FD-74B0-E050-A8C08F264F36","Cassa Rurale ed Artigiana",9.1950,45.4733
"E7464F3C-71DA-49FB-E040-A8C08D2637ED","Monte dei Paschi di Siena - Filiale 62 di Milano",9.1951,45.4724
"E7464F3E-642E-49FB-E040-A8C08D2637ED","Pradera Management Italy S.r.l.",9.1956,45.4726
"13EE1E97-677A-F1A3-E050-A8C08D2664A2","Ciottomatte S.r.l.",9.1436,45.4556
"E12A7FCD-0F09-66C3-E040-A8C08F26360C","Consorzio Mediolanum Frua",9.1512,45.4649
"FCF8893B-6D7F-F004-E040-A8C08D2678B6","Monte dei Paschi di Siena - Filiale 10",9.2353,45.4621
"1843EF69-5202-3F94-E050-A8C08D261F11","Cre'Dit Agricole Cariparma - Agenzia 36",9.2080,45.4666
"E866F883-842B-9DBE-E040-A8C08D26627F","Unicredit Banca - Milano Concordia",9.2073,45.4676
"E7464F3C-2DAC-49FB-E040-A8C08D2637ED","Cre'Dit Agricole Cariparma - Agenzia 7 di Milano",9.2196,45.4537
"ECD5F966-8CB4-8940-E040-A8C08F266C76","Intesa Sanpaolo S.p.a.",9.2194,45.4538
"E12A7FCA-04FF-66C3-E040-A8C08F26360C","Cre'Dit Agricole Cariparma - Agenzia Cimarosa",9.1589,45.4663
"92D856DE-7C07-7151-E050-020A3E7461FC","Credit Agricole Italia S.p.a.",9.1589,45.4663
"E12A7FCE-4C46-66C3-E040-A8C08F26360C","Cre'Dit Agricole Cariparma - Filiale di Milano Via della Moscova",9.1821,45.4781
"1ECF9C75-755D-6845-E050-A8C08F264468","Cre'Dit Agricole Cariparma - Filiale di Milano Via Dolci",9.1441,45.4714
"E12A7FC7-C9A7-66C3-E040-A8C08F26360C","Intesa Sanpaolo S.p.a.",9.1427,45.4724
"21C4515A-6409-9271-E050-A8C08D265321","Credem - Agenzia 13",9.1507,45.4714
"E7464F3A-84DE-49FB-E040-A8C08D2637ED","Credem - Agenzia 14",9.1639,45.4893
"E12A7FD5-08E7-66C3-E040-A8C08F26360C","Ubi Banca - Agenzia 8",9.1635,45.4896
"E12A7FBF-4C35-66C3-E040-A8C08F26360C","Credem - Agenzia 5",9.1874,45.4939
"E12A7FBA-D3B6-66C3-E040-A8C08F26360C","Monte dei Paschi di Siena - Agenzia 14 di Milano",9.1876,45.4937
"57DF1F15-DADF-6B52-E050-1AACBE06053C","Credit Agricole Cariparma Spa",9.1801,45.5003
"50E4A43B-06E2-4673-E050-1AACBE063672","Credit Agricole Cariparma Spa",9.2270,45.4988
"ECB74722-79A0-5E63-E040-A8C08D267DDF","Credit Agricole Corporate And Investment Bank",9.1876,45.4722
"369C7063-5980-B77D-E050-A8C08F26337D","Idea Fimit",9.1876,45.4722
"92D856DE-78DD-7151-E050-020A3E7461FC","Credit Agricole Italia S.p.a.",9.1527,45.4842
"69763A0A-1155-90CC-E050-020A3E7413DF","Credit Agricole Italia S.p.a.",9.2309,45.4829
"E866F884-DFEE-9DBE-E040-A8C08D26627F","Unicredit Banca - Milano Ponzio",9.2300,45.4823
"E7464F3C-6D60-49FB-E040-A8C08D2637ED","Credito Valtellinese - Agenzia 18",9.1551,45.4530
"F611CF13-4682-ECE4-E040-A8C08D261807","Credito Valtellinese - Agenzia 24 di Milano",9.1974,45.4551
"E12A7FBA-410A-66C3-E040-A8C08F26360C","Unipol Banca - Filiale 110",9.1972,45.4552
"E7464F39-339B-49FB-E040-A8C08D2637ED","Credito Valtellinese - Agenzia 11",9.1915,45.4917
"E7464F3D-F165-49FB-E040-A8C08D2637ED","Credito Valtellinese - Agenzia 19",9.2150,45.4532
"E866F882-430E-9DBE-E040-A8C08D26627F","Unicredit Banca - Milano Viale Umbria",9.2156,45.4539
"E7464F39-A25C-49FB-E040-A8C08D2637ED","Credito Valtellinese - Agenzia 7",9.2310,45.4624
"EF9893B2-A21F-0CA4-E040-A8C08F266868","Deutsche Bank",9.2303,45.4624
"E12A7FB0-1E58-66C3-E040-A8C08F26360C","Ubi Banca - Agenzia 16",9.2302,45.4637
"F611CF13-3C84-ECE4-E040-A8C08D261807","Credito Valtellinese - Agenzia 23 di Milano",9.1649,45.4809
"E7464F39-A284-49FB-E040-A8C08D2637ED","Credito Valtellinese - Agenzia 15",9.1500,45.4694
"E7464F3C-0091-49FB-E040-A8C08D2637ED","Credito Valtellinese - Agenzia di Milano 8",9.1394,45.4650
"E7464F3A-EBFA-49FB-E040-A8C08D2637ED","Credito Valtellinese - Agenzia 14",9.2076,45.4629
"E12A7FCA-7068-66C3-E040-A8C08F26360C","Monte dei Paschi di Siena - Agenzia 33 di Milano",9.2075,45.4639
"E12A7FB1-7FFB-66C3-E040-A8C08F26360C","Ubi Banca - Agenzia 6027",9.2070,45.4627
"E866F884-6437-9DBE-E040-A8C08D26627F","Unicredit Banca - Milano Porta Vittoria",9.2066,45.4622
"E7464F3A-B5E7-49FB-E040-A8C08D2637ED","Credito Artigiano",9.1935,45.4622
"369C7063-81F1-B77D-E050-A8C08F26337D","Intesa Sanpaolo S.p.a. - Filiale Privati e Business",9.1940,45.4635
"369C7063-87E3-B77D-E050-A8C08F26337D","Unicredit",9.1940,45.4635
"E7464F3A-488F-49FB-E040-A8C08D2637ED","Credito Valtellinese - Agenzia Milano 17",9.1601,45.4755
"E7464F39-6BC0-49FB-E040-A8C08D2637ED","Credito Artigiano - Agenzia 21",9.2174,45.4884
"E57901F9-6250-A2AD-E040-A8C08D264C56","Credito Bergamasco - Agenzia 4091",9.1669,45.4877
"E12A7FBA-F27D-66C3-E040-A8C08F26360C","Ibl Banca",9.1665,45.4874
"E12A7FC9-CA80-66C3-E040-A8C08F26360C","Credito Emiliano Spa",9.1413,45.4984
"E12A7FCF-F24E-66C3-E040-A8C08F26360C","Dea Capital Real Estate Sgr S.p.a.",9.2103,45.5116
"E12A7FC6-A7B0-66C3-E040-A8C08F26360C","Deutsche Bank - Sportello Bancario 474 di Milano Bicocca",9.2108,45.5107
"E7464F3C-08EB-49FB-E040-A8C08D2637ED","Deutsche Bank Credit Card Service",9.2108,45.5107
"E57901F9-67BD-A2AD-E040-A8C08D264C56","Deutsche Bank - Sportello a di Milano",9.2175,45.4646
"E12A7FCA-8FA5-66C3-E040-A8C08F26360C","Deutsche Bank - Sportello Bancario P 981 di Milano",9.1369,45.4678
"E866F883-9D0B-9DBE-E040-A8C08D26627F","Unicredit Banca - Milano Ricciarelli",9.1377,45.4690
"E57901EB-93F3-A2AD-E040-A8C08D264C56","Deutsche Bank - Sportello C di Milano",9.2154,45.4728
"E12A7FCD-D109-66C3-E040-A8C08F26360C","Deutsche Bank - Sportello M di Milano",9.2070,45.4693
"E866F886-6B14-9DBE-E040-A8C08D26627F","Deutsche Bank S.p.a.",9.1936,45.4827
"6C3A834E-1EB3-A4BC-E050-020A3E7423C0","Hsbc Bank Plc",9.1950,45.4819
"E12A7FB6-05AA-66C3-E040-A8C08F26360C","The Bank Of Tokyo-Mitsubishi Ufj Ltd",9.1933,45.4829
"95936980-392A-BFA9-E050-020A3E741D96","Deutsche Bank S.p.a.",9.1365,45.4647
"3D76119C-F0A3-7C6F-E050-A8C08D263ECF","Extrabanca S.p.a.",9.1800,45.4791
"4CE36D13-9FE9-2F65-E050-1AACBE063C5C","Finecobank Banca Fineco S.p.a.",9.1815,45.4780
"E12A7FC7-573A-66C3-E040-A8C08F26360C","Extrabanca S.p.a.",9.2128,45.4838
"E57901E7-7BAF-A2AD-E040-A8C08D264C56","Family Banker Office di Banca Mediolanum",9.2004,45.4654
"E12A7FB5-2021-66C3-E040-A8C08F26360C","Fin.Pet. Money Transfer S.r.l.",9.2185,45.4860
"E12A7FB0-0379-66C3-E040-A8C08F26360C","Rzb Austria Ufficio di Rappresentanza",9.2182,45.4863
"F98D1620-553B-B5B6-E040-A8C08F2678F6","Finanza & Futuro",9.1630,45.4691
"0943847F-527C-A526-E050-A8C08D26286A","Finecobank Banca Fineco S.p.a.",9.1746,45.4607
"E866F886-3740-9DBE-E040-A8C08D26627F","Finecobank Banca Fineco S.p.a.",9.1981,45.4674
"1843EF69-3970-3F94-E050-A8C08D261F11","Intesa Sanpaolo - Agenzia 3997",9.1978,45.4666
"E57901EF-48DD-A2AD-E040-A8C08D264C56","Italease Gestione Beni S.p.a.",9.1992,45.4663
"E7464F3E-7D15-49FB-E040-A8C08D2637ED","Standard Chartered Bank",9.1972,45.4663
"399F8437-272A-0236-E050-A8C08F2644B2","Finecobank Banca Fineco S.p.a.",9.1855,45.4684
"F92C5254-17BC-3483-E040-A8C08D266B11","Hsbc Bank Plc",9.1868,45.4675
"E12A7FC3-A220-66C3-E040-A8C08F26360C","Hsbc Bank Plc",9.1872,45.4678
"8584F561-A809-475F-E050-020A3E74272E","Nexi Payments S.p.a.",9.1856,45.4681
"26E63E41-46F6-1794-E050-A8C08F262329","Unicredit Global Information Services Societa' Consortile per Azioni",9.1857,45.4685
"2A9CC091-88B3-BE62-E050-A8C08F267D50","Banca Esperia S.p.a.",9.1872,45.4678
"E8CB30B8-9BA8-8670-E040-A8C08D260279","Fondazione Cariplo Iniziative Patrimoniali S.p.a.",9.1970,45.4753
"E12A7FB3-02AB-66C3-E040-A8C08F26360C","Sanpaolo Invest Societa' D'Intermediazione Mobiliare S.p.a.",9.1974,45.4767
"E7464F3E-EB8C-49FB-E040-A8C08D2637ED","Fondo Pensioni Cariplo",9.1878,45.4703
"F0FACB8B-1A1A-249B-E040-A8C08D2662B6","Global Assicurazioni S.p.a.",9.1826,45.4734
"E12A7FC7-2329-66C3-E040-A8C08F26360C","Intesa Sanpaolo",9.2196,45.4961
"298529F9-F54E-0282-E050-A8C08F266EFA","Intesa Sanpaolo",9.1860,45.4668
"1843EF69-4399-3F94-E050-A8C08D261F11","Unicredit Banca - Cib Operational Branch Milan",9.1880,45.4660
"664E8CCA-BEFA-4259-E050-020A3E7477A2","Intesa Sanpaolo",9.2364,45.4930
"1843EF69-4365-3F94-E050-A8C08D261F11","Intesa Sanpaolo - Agenzia 02",9.1428,45.4652
"E5F6C033-D0F7-396C-E040-A8C08D2675C5","Intesa Sanpaolo S.p.a.",9.1416,45.4655
"E5F6C035-51B5-396C-E040-A8C08D2675C5","Intesa Sanpaolo S.p.a. - Filiale Hub",9.1428,45.4652
"E6475AC4-6914-3BE5-E040-A8C08D2636C2","Intesa Sanpaolo",9.2127,45.4823
"1843EF69-4A93-3F94-E050-A8C08D261F11","Intesa Sanpaolo - Agenzia 1456",9.2302,45.4963
"1843EF69-371B-3F94-E050-A8C08D261F11","Intesa Sanpaolo - Agenzia 1879",9.1613,45.4664
"E8CB30B8-0DBC-8670-E040-A8C08D260279","Monte dei Paschi di Siena - Filiale 57",9.1624,45.4656
"1843EF69-40FC-3F94-E050-A8C08D261F11","Intesa Sanpaolo - Agenzia 1880",9.2066,45.4742
"E866F881-C907-9DBE-E040-A8C08D26627F","Unicredit Banca - Milano Corso Buenos Aires",9.2057,45.4751
"1843EF69-56BB-3F94-E050-A8C08D261F11","Intesa Sanpaolo - Agenzia 1904",9.1364,45.4621
"E7464F3F-4450-49FB-E040-A8C08D2637ED","Intesa Sanpaolo - Agenzia 2 di Milano",9.1874,45.4827
"E12A7FB5-E5FE-66C3-E040-A8C08F26360C","Ubi Banca - Agenzia di Milano Viale Sturzo",9.1870,45.4834
"1843EF69-4888-3F94-E050-A8C08D261F11","Intesa Sanpaolo - Agenzia 2108",9.1703,45.4809
"1843EF69-3506-3F94-E050-A8C08D261F11","Intesa Sanpaolo - Agenzia 3680",9.1892,45.4874
"1843EF69-4827-3F94-E050-A8C08D261F11","Intesa Sanpaolo - Agenzia 3996",9.2065,45.4587
"1843EF69-4DD6-3F94-E050-A8C08D261F11","Intesa Sanpaolo - Agenzia 4047",9.2241,45.4656
"E12A7FC9-9D04-66C3-E040-A8C08F26360C","Intesa Sanpaolo Private Banking",9.2002,45.4770
"F1631EE8-1FC4-E3A0-E040-A8C08F260DAB","Intesa Sanpaolo Private Banking",9.2002,45.4770
"ECD5F966-8755-8940-E040-A8C08F266C76","Intesa Sanpaolo S.p.a.",9.1558,45.4618
"E12A7FBA-10F8-66C3-E040-A8C08F26360C","Intesa Sanpaolo S.p.a.",9.2325,45.4657
"ECD5F966-79CF-8940-E040-A8C08F266C76","Intesa Sanpaolo S.p.a.",9.1899,45.4808
"ECD5F966-7E94-8940-E040-A8C08F266C76","Intesa Sanpaolo S.p.a.",9.1609,45.4546
"1FD81FED-3BAE-8893-E050-A8C08F267850","Intesa Sanpaolo S.p.a.",9.1816,45.5038
"E12A7FBB-F298-66C3-E040-A8C08F26360C","Intesa Sanpaolo S.p.a.",9.1975,45.5004
"E12A7FC3-3B1A-66C3-E040-A8C08F26360C","Intesa Sanpaolo S.p.a.",9.2002,45.5066
"E12A7FB8-B3A2-66C3-E040-A8C08F26360C","Intesa Sanpaolo S.p.a.",9.2024,45.4838
"E866F886-8632-9DBE-E040-A8C08D26627F","Unicredit Banca - Milano Vittor Pisani",9.2012,45.4832
"E7464F3C-A488-49FB-E040-A8C08D2637ED","Unipol Banca - Filiale 216",9.2011,45.4831
"ECD5F966-8756-8940-E040-A8C08F266C76","Intesa Sanpaolo S.p.a.",9.2218,45.4571
"F611CF13-5909-ECE4-E040-A8C08D261807","Monte dei Paschi di Siena - Filiale 69 di Milano",9.2236,45.4576
"1F88327F-2370-B91C-E050-A8C08F261591","Intesa Sanpaolo S.p.a.",9.1775,45.4589
"E12A7FC6-5B70-66C3-E040-A8C08F26360C","Intesa Sanpaolo S.p.a.",9.1624,45.4569
"1FB9D625-4E1F-8042-E050-A8C08F26572B","Intesa Sanpaolo S.p.a.",9.1871,45.4628
"F39B1F9A-9E18-429B-E040-A8C08D26357C","Ubi Banca - Agenzia di Milano Via Mazzini",9.1885,45.4626
"ECD5F966-7E96-8940-E040-A8C08F266C76","Intesa Sanpaolo S.p.a.",9.2301,45.4693
"E12A7FC1-7EB7-66C3-E040-A8C08F26360C","Intesa Sanpaolo S.p.a.",9.2300,45.4695
"E866F886-8635-9DBE-E040-A8C08D26627F","Unicredit Banca - Milano Fusina",9.2302,45.4686
"ECD5F966-83D2-8940-E040-A8C08F266C76","Intesa Sanpaolo S.p.a.",9.2025,45.4865
"ECD5F966-7FD4-8940-E040-A8C08F266C76","Intesa Sanpaolo S.p.a.",9.1424,45.4673
"ECD5F966-7A0D-8940-E040-A8C08F266C76","Intesa Sanpaolo S.p.a.",9.1722,45.4628
"E7464F3E-0B65-49FB-E040-A8C08D2637ED","Societe Generale",9.1732,45.4616
"E12A7FC3-A159-66C3-E040-A8C08F26360C","Societe Generale S.A.",9.1732,45.4616
"5B03531B-B066-3508-E050-1AACBE063001","Intesa Sanpaolo S.p.a. - Punto Consulenza",9.2154,45.4682
"E866F886-E950-9DBE-E040-A8C08D26627F","Unicredit Banca - Milano Dateo",9.2160,45.4673
"58F4D885-01E5-2999-E050-1AACBE06232B","Intesa Sanpaolo S.p.a. - Sportello",9.2322,45.4561
"F58A19C1-0DF0-D8A3-E040-A8C08F267EBD","Jusp S.p.a.",9.1631,45.5068
"E12A7FCC-BD56-66C3-E040-A8C08F26360C","Monte dei Paschi di Siena - Agenzia 20",9.2041,45.4551
"E7464F39-701C-49FB-E040-A8C08D2637ED","Monte dei Paschi di Siena - Filiale 58",9.2093,45.4530
"04FD6A7B-3336-42F0-E050-A8C08F26710E","Monte dei Paschi di Siena - Filiale 59 di Milano",9.2133,45.4788
"E12A7FD0-E219-66C3-E040-A8C08F26360C","Morgan Stanley Dean Witter Bank Limited - Milan Branch",9.1994,45.4690
"E12A7FCC-12CF-66C3-E040-A8C08F26360C","Omnia Servizi S.r.l.",9.2150,45.4827
"4DAE66E3-817A-DB92-E050-1AACBE064E33","Polis Fondi Immobiliare Sgr Pa",9.1872,45.4740
"E866F884-C703-9DBE-E040-A8C08D26627F","Unicredit Banca - Milano Treves",9.1871,45.4752
"E12A7FB7-2F33-66C3-E040-A8C08F26360C","State Street Bank S.p.a",9.2084,45.4879
"E12A7FD6-DFA0-66C3-E040-A8C08F26360C","Sumitomo Mitsui Banking Corporation Europe Limited",9.1964,45.4706
"E12A7FAF-BD4B-66C3-E040-A8C08F26360C","The Bank Of New York Mellon (Luxembourg) S.A. Succursale Italiana",9.1743,45.4635
"4FA05439-71BD-3DF3-E050-1AACBE065D6C","Ubi Banca",9.2090,45.4591
"E12A7FCA-E7D0-66C3-E040-A8C08F26360C","Ubi Banca - Agenzia 28",9.2090,45.4591
"E12A7FCD-63F4-66C3-E040-A8C08F26360C","Ubi Banca - Agenzia",9.1521,45.4729
"E57901ED-53C4-A2AD-E040-A8C08D264C56","Ubi Banca - Agenzia",9.1397,45.4671
"E866F883-3B58-9DBE-E040-A8C08D26627F","Unicredit Banca - Milano Rembrandt",9.1402,45.4674
"E12A7FCF-5851-66C3-E040-A8C08F26360C","Ubi Banca - Agenzia 13",9.1622,45.4797
"E7464F3A-AF66-49FB-E040-A8C08D2637ED","Ubi Banca - Agenzia 15",9.2211,45.5008
"E12A7FC2-F91B-66C3-E040-A8C08F26360C","Ubi Banca - Agenzia 2",9.1870,45.4811
"E7464F3C-9E50-49FB-E040-A8C08D2637ED","Ubi Banca - Agenzia 20",9.2235,45.4860
"E57901ED-5F33-A2AD-E040-A8C08D264C56","Ubi Banca - Agenzia 2071",9.1559,45.4581
"E866F887-347D-9DBE-E040-A8C08D26627F","Unicredit Banca - Milano Washington",9.1547,45.4590
"E57901EE-E1A5-A2AD-E040-A8C08D264C56","Ubi Banca - Agenzia 2076",9.2236,45.4817
"E7464F3F-6F82-49FB-E040-A8C08D2637ED","Ubi Banca - Agenzia 2108",9.1935,45.4960
"E57901EA-CBC7-A2AD-E040-A8C08D264C56","Ubi Banca - Agenzia 2111",9.2302,45.4657
"E57901EC-51F4-A2AD-E040-A8C08D264C56","Ubi Banca - Agenzia 5563 di Milano",9.1661,45.4660
"E12A7FCD-B916-66C3-E040-A8C08F26360C","Unicredit Banca - Agenzia Milano Corso Vercelli",9.1647,45.4661
"E12A7FAE-B553-66C3-E040-A8C08F26360C","Ubi Banca - Agenzia 5573 di Milano",9.2373,45.5017
"E57901ED-0D57-A2AD-E040-A8C08D264C56","Ubi Banca - Agenzia 5590",9.2066,45.4824
"1727661D-D8B6-B969-E050-A8C08F261F73","Ubi Banca - Agenzia 5597",9.1747,45.4812
"E12A7FD3-D83A-66C3-E040-A8C08F26360C","Ubi Banca - Agenzia 67 C/O Ospedale Maggiore Policlinico",9.1949,45.4591
"E57901EA-7213-A2AD-E040-A8C08D264C56","Ubi Banca - Agenzia C/O Ospedale Niguarda",9.1895,45.5087
"E12A7FD7-19A2-66C3-E040-A8C08F26360C","Ubi Banca - Agenzia di Milano Affori",9.1772,45.5089
"E12A7FCA-B9C9-66C3-E040-A8C08F26360C","Ubi Banca - Agenzia Istituti Clinici",9.1989,45.4585
"E12A7FD7-AC87-66C3-E040-A8C08F26360C","Ubi Banca - Filiale di Milano Monte Santo",9.1958,45.4790
"E57901F5-B7AD-A2AD-E040-A8C08D264C56","Ubi Banca - Minisportello di Milano - I.O.P.M.",9.2185,45.4667
"E7464F3D-1ADE-49FB-E040-A8C08D2637ED","Ubi Banca - Ufficio Pegno",9.1432,45.4940
"E57901E9-B245-A2AD-E040-A8C08D264C56","Ubi Banca S.C.P.A.",9.1721,45.4606
"E57901EC-ED9E-A2AD-E040-A8C08D264C56","Ubi Banca S.C.P.A.",9.1712,45.4962
"E57901F6-C47C-A2AD-E040-A8C08D264C56","Ubi Sistemi e Servizi S.C.P.A.",9.1601,45.4576
"E57901F6-C449-A2AD-E040-A8C08D264C56","Ubi Sistemi e Servizi S.C.P.A.",9.2059,45.4788
"8B012C38-AC31-D614-E050-020A3E7445C6","Uci Zonale di Milano Padova",9.2236,45.4914
"E12A7FAE-A34D-66C3-E040-A8C08F26360C","Unicredit Banca Spa",9.2221,45.4903
"E866F886-D087-9DBE-E040-A8C08D26627F","Unicredit Spa",9.2221,45.4903
"E57901EE-F69E-A2AD-E040-A8C08D264C56","Unicredit Global Information Services Societa' Consortile per Azioni",9.2005,45.4967
"E866F884-C704-9DBE-E040-A8C08D26627F","Unicredit Banca - Agenzia Milano Casoretto",9.2300,45.4891
"1843EF69-40F3-3F94-E050-A8C08D261F11","Unicredit Banca - Milano Cagliero",9.2064,45.4941
"E866F883-6CAE-9DBE-E040-A8C08D26627F","Unicredit Banca - Milano Caterina da Forli'",9.1418,45.4608
"E866F882-2B21-9DBE-E040-A8C08D26627F","Unicredit Banca - Milano Certosa A",9.1514,45.4903
"F1A09E77-CC5D-64E7-E040-A8C08D265A22","Unicredit Banca - Milano Garibaldi",9.1895,45.4835
"E866F885-A5FA-9DBE-E040-A8C08D26627F","Unicredit Banca - Milano Giusti",9.1794,45.4805
"E866F883-3B7E-9DBE-E040-A8C08D26627F","Unicredit Banca - Milano Gramsci",9.1680,45.4818
"E866F886-8643-9DBE-E040-A8C08D26627F","Unicredit Banca - Milano Istria",9.1980,45.5023
"E866F881-FA3F-9DBE-E040-A8C08D26627F","Unicredit Banca - Milano Modestino",9.1688,45.4576
"E866F883-B72F-9DBE-E040-A8C08D26627F","Unicredit Banca - Milano Pianell",9.1998,45.5091
"E866F881-7DB1-9DBE-E040-A8C08D26627F","Unicredit Banca - Milano Piazza Firenze",9.1572,45.4871
"E866F887-65CA-9DBE-E040-A8C08D26627F","Unicredit Banca - Milano Scarlatti",9.2065,45.4844
"E866F882-759A-9DBE-E040-A8C08D26627F","Unicredit Banca - Milano Stradella",9.2152,45.4782
"E866F886-533C-9DBE-E040-A8C08D26627F","Unicredit Banca - Milano Viale Molise",9.2238,45.4553
"E57901EA-EED7-A2AD-E040-A8C08D264C56","Unicredit Global Information Services Societa' Consortile per Azioni",9.2111,45.4742
"EC8C1DDC-4F1B-BB1C-E040-A8C08F262F40","Unicredit Spa",9.2111,45.4737
"1727661D-E200-B969-E050-A8C08F261F73","Unicredit Global Information Services Societa' Consortile per Azioni",9.2217,45.4890
"E12A7FD4-C400-66C3-E040-A8C08F26360C","Volkswagen Bank Gmbh",9.1524,45.4883
"E7464F3A-63BE-49FB-E040-A8C08D2637ED","Iw Bank Spa - Gruppo Ubi",9.2408,45.4638
"E7464F39-9922-49FB-E040-A8C08D2637ED","Iwbank",9.2409,45.4633
"E12A7FD4-DC62-66C3-E040-A8C08F26360C","Banca Popolare di Milano Scrl",9.2441,45.4553
"E12A7FAF-D5D6-66C3-E040-A8C08F26360C","Banca Popolare di Milano Soc. Coop. a R.L.",9.2399,45.5037
"E12A7FBE-21C1-66C3-E040-A8C08F26360C","Banca Popolare di Milano Soc. Coop. a R.L.",9.2462,45.5084
"E866F882-4347-9DBE-E040-A8C08D26627F","Unicredit Banca - Milano Via Padova B",9.2475,45.5093
"E12A7FBC-2DCE-66C3-E040-A8C08F26360C","Banca Popolare di Milano Soc. Coop. a R.L.",9.2440,45.5168
"E12A7FC1-E041-66C3-E040-A8C08F26360C","Banco di Brescia Spa",9.2409,45.4841
"E60A8CE3-EEA3-3BAD-E040-A8C08D267887","Barclays Bank Plc",9.2413,45.4621
"E7464F3A-CBE4-49FB-E040-A8C08D2637ED","Barclays C/O Ospedale S. Raffaele",9.2668,45.5061
"560EFD34-772A-BE6B-E050-1AACBE0638C3","Binckbank Italia",9.2438,45.4841
"E12A7FC2-7221-66C3-E040-A8C08F26360C","Bper - Banca Popolare dell'Emilia Romagna - Agenzia 8",9.2474,45.4763
"ECD5F966-839A-8940-E040-A8C08F266C76","Cre'Dit Agricole Cariparma - Agenzia",9.2424,45.4574
"E12A7FBA-20AC-66C3-E040-A8C08F26360C","Intesa Sanpaolo",9.2417,45.5007
"46D39523-6D32-B50F-E050-A8C08D2643DE","Intesa Sanpaolo",9.2523,45.4774
"E7464F3C-ACE3-49FB-E040-A8C08D2637ED","Intesa Sanpaolo - Agenzia 7573",9.2431,45.5061
"E12A7FCE-2B3A-66C3-E040-A8C08F26360C","Intesa Sanpaolo S.p.a.",9.2431,45.5061
"E7464F3F-45FE-49FB-E040-A8C08D2637ED","Intesa Sanpaolo - Sportello Staccato della Filiale 1902",9.2514,45.5055
"E5F6C030-6C7A-396C-E040-A8C08D2675C5","Intesa Sanpaolo S.p.a. - Punto Consulenza",9.2462,45.4791
"E7464F38-BAFC-49FB-E040-A8C08D2637ED","Ubi Banca - Agenzia",9.2393,45.4912
"E12A7FC2-427F-66C3-E040-A8C08F26360C","Ubi Banca - Agenzia 143 di Milano",9.2390,45.4822
"6DA89E0E-925A-AC17-E050-020A3E746A82","Banco Bpm",9.2458,45.4311
"3B4723DE-8296-3D7B-E050-A8C08D262F2B","Banco di Desio e della Brianza - Filiale di Milano Via Cassinis",9.2308,45.4369
"E12A7FD0-7871-66C3-E040-A8C08F26360C","Banco di Desio e della Brianza Spa",9.2311,45.4372
"46D39523-6D34-B50F-E050-A8C08D2643DE","Intesa Sanpaolo",9.2419,45.4319
"1843EF69-3C29-3F94-E050-A8C08D261F11","Intesa Sanpaolo - Agenzia 1909",9.2439,45.4457
"1FB9D625-4CF2-8042-E050-A8C08F26572B","Intesa Sanpaolo S.p.a.",9.2246,45.4401
"369C7063-7C11-B77D-E050-A8C08F26337D","Intesa Sanpaolo S.p.a. - Filiale Privati e Business",9.2506,45.4271
"E93CDD2A-FE54-6630-E040-A8C08D263FB4","Mediocredito Lombardo - Intesa Sanpaolo Spa",9.2563,45.4385
"0233BC38-9668-DAAA-E050-A8C08D262A4F","Monte dei Paschi di Siena - Agenzia 36",9.2517,45.4516
"E866F886-9DD3-9DBE-E040-A8C08D26627F","Unicredit Banca - Agenzia Milano Mecenate",9.2522,45.4500
"36FB93FD-EEEA-39FA-E050-A8C08F260D8C","Unicredit Spa",9.2653,45.4343
"E7464F39-D107-49FB-E040-A8C08D2637ED","Bpm - Agenzia 25",9.1514,45.4385
"E12A7FB2-5345-66C3-E040-A8C08F26360C","Intesa Sanpaolo S.p.a.",9.1513,45.4411
"FCF8893B-710E-F004-E040-A8C08D2678B6","Monte dei Paschi di Siena - Agenzia 15",9.1507,45.4409
"8B012C38-AD8E-D614-E050-020A3E7445C6","Amundi Real Estate Italia Societa' di Gestione del Risparmio S.p.a.",9.1641,45.4400
"E12A7FB0-1E67-66C3-E040-A8C08F26360C","Banca Banca Popolare dell'Emilia Romagna Societa' Cooperativa",9.1750,45.4124
"E12A7FCE-0A0E-66C3-E040-A8C08F26360C","Banca Banca Popolare di Milano",9.2202,45.4500
"ED4E3A07-C6BC-A980-E040-A8C08F266EDA","Banca Carige S.p.a.",9.1965,45.4517
"E12A7FD3-79A2-66C3-E040-A8C08F26360C","Banca Popolare di Bari - Agenzia 83 di Milano",9.1968,45.4508
"1FB9D625-4D8A-8042-E050-A8C08F26572B","Intesa Sanpaolo S.p.a.",9.1968,45.4508
"FCF8893B-5890-F004-E040-A8C08D2678B6","Monte dei Paschi di Siena - Filiale",9.1969,45.4520
"E57901F9-6CE3-A2AD-E040-A8C08D264C56","Ubi Banca - Agenzia 5540",9.1968,45.4508
"3B4723DE-9497-3D7B-E050-A8C08D262F2B","Bcc di Carate Brianza - Societa' Cooperativa - Filiale Milano",9.1811,45.4525
"5E1E2834-8E7E-A05E-E050-020A3E74014E","Banca Generali Filiale",9.1818,45.4522
"E6475AC2-ACD4-3BE5-E040-A8C08D2636C2","Monte dei Paschi di Siena - Agenzia 27",9.1815,45.4522
"E7464F39-375E-49FB-E040-A8C08D2637ED","Bpm - Agenzia 502",9.1801,45.4520
"E12A7FB5-9D91-66C3-E040-A8C08F26360C","Banca Popolare di Milano Soc. Coop. a R.L.",9.1791,45.4519
"1843EF69-488B-3F94-E050-A8C08D261F11","Intesa Sanpaolo - Agenzia 1878",9.1810,45.4520
"E12A7FB9-3936-66C3-E040-A8C08F26360C","Ubi Banca - Agenzia Milano 5544",9.1811,45.4525
"E866F882-D78E-9DBE-E040-A8C08D26627F","Unicredit Banca - Milano S.Gottardo",9.1801,45.4520
"FF42C396-C35A-DF68-E040-A8C08D266399","Banca Monte dei Paschi di Siena - Milano Agenzia 28",9.1584,45.4524
"67964906-707B-0366-E050-020A3E746970","Banca Monte dei Paschi di Siena - Milano Agenzia 28 - Fax",9.1584,45.4524
"01BA45F9-698A-0169-E050-A8C08F263267","Monte dei Paschi di Siena - Agenzia 55 di Milano",9.2163,45.4415
"21C45159-6229-9271-E050-A8C08D265321","Banca Monte dei Paschi di Siena - Milano Agenzia 55",9.2163,45.4415
"19767F0B-580B-8DAF-E050-A8C08D2649E5","Banca Monte dei Paschi di Siena - Milano Agenzia 55",9.2163,45.4415
"47E703B7-16D5-6721-E050-A8C08F263B06","Banca Monte dei Paschi di Siena - Milano Agenzia 63",9.2068,45.4492
"E7464F3D-E49D-49FB-E040-A8C08D2637ED","Banco di Sardegna",9.2057,45.4489
"E12A7FC1-601D-66C3-E040-A8C08F26360C","Monte dei Paschi di Siena - Agenzia 63",9.2068,45.4492
"E866F884-7205-9DBE-E040-A8C08D26627F","Monte dei Paschi di Siena - Filiale 64 di Milano",9.1786,45.4474
"E12A7FC5-CE64-66C3-E040-A8C08F26360C","Banca Popolare di Milano Scarl",9.1786,45.4474
"1843EF69-54EC-3F94-E050-A8C08D261F11","Bpm - Agenzia 1244",9.1779,45.4475
"994D0503-BF0E-176F-E050-020A3E740C83","Banca Popolare di Bergamo Spa",9.1472,45.4440
"E866F887-3432-9DBE-E040-A8C08D26627F","Unicredit Banca - Milano Richard",9.1475,45.4434
"E12A7FB0-4E5C-66C3-E040-A8C08F26360C","Banca Popolare di Milano Scrl",9.2024,45.4521
"E12A7FC1-0605-66C3-E040-A8C08F26360C","Fondo per Le Pensioni al Personale della Cassa di R Pp Ll",9.2030,45.4521
"E12A7FBE-01EA-66C3-E040-A8C08F26360C","Intesa Sanpaolo S.p.a.",9.2030,45.4521
"E12A7FCF-D8E3-66C3-E040-A8C08F26360C","Ubi Banca - Agenzia",9.2013,45.4527
"E866F883-6CAF-9DBE-E040-A8C08D26627F","Unicredit Banca - Milano Porta Romana C",9.2013,45.4527
"E12A7FD4-4395-66C3-E040-A8C08F26360C","Banca Popolare di Milano Soc. Coop. a R.L.",9.1760,45.4196
"ECD5F966-7B23-8940-E040-A8C08F266C76","Intesa Sanpaolo S.p.a.",9.1768,45.4185
"0FBF99E7-9D37-64EC-E050-A8C08D2666BC","Ubi Banca",9.1764,45.4206
"E866F886-3A44-9DBE-E040-A8C08D26627F","Unicredit Banca - Milano Corradino D'Ascanio",9.1768,45.4185
"E12A7FB1-1356-66C3-E040-A8C08F26360C","Banca Popolare di Milano Soc. Coop. a R.L.",9.2177,45.4432
"E12A7FBF-476A-66C3-E040-A8C08F26360C","Bper - Banca Popolare dell'Emilia Romagna - Agenzia 9 di Milano",9.2196,45.4423
"E57901F2-69AB-A2AD-E040-A8C08D264C56","Ubi Banca - Agenzia 5548",9.2169,45.4434
"E12A7FB6-501B-66C3-E040-A8C08F26360C","Banca Popolare di Milano Soc. Coop. a R.L.",9.2000,45.4393
"E12A7FC5-483A-66C3-E040-A8C08F26360C","Banca Popolare di Milano Soc. Coop. a R.L.",9.1372,45.4502
"E12A7FB2-308F-66C3-E040-A8C08F26360C","Ubi Banca - Agenzia 5555",9.1366,45.4491
"E12A7FAF-2CDC-66C3-E040-A8C08F26360C","Banca Popolare di Milano Soc. Coop. a R.L.",9.2054,45.4505
"E6AB8D59-5199-B7C4-E040-A8C08D267EDF","Deutsche Bank Easy",9.2054,45.4505
"09AEECEB-D8CE-6451-E050-A8C08F2674B4","Finecobank Banca Fineco S.p.a.",9.2066,45.4499
"ECD5F966-7E59-8940-E040-A8C08F266C76","Intesa Sanpaolo S.p.a.",9.2071,45.4507
"23321DAF-AA27-8C6C-E050-A8C08F263926","Prestitempo",9.2054,45.4504
"E866F884-AE40-9DBE-E040-A8C08D26627F","Unicredit Spa",9.2066,45.4499
"E12A7FCD-C195-66C3-E040-A8C08F26360C","Banca Popolare di Milano Soc. Coop. a R.L.",9.2037,45.4297
"E12A7FC5-E257-66C3-E040-A8C08F26360C","Banca Popolare di Milano Soc. Coop. a R.L.",9.1788,45.4416
"E12A7FB0-7B7A-66C3-E040-A8C08F26360C","Banca Popolare di Milano Soc. Coop. a R.L.",9.1837,45.4350
"E12A7FC0-070F-66C3-E040-A8C08F26360C","Banca Popolare di Milano Soc. Coop. a R.L.",9.2171,45.4373
"E866F885-A5F9-9DBE-E040-A8C08D26627F","Unicredit Spa",9.2162,45.4368
"E12A7FB0-C520-66C3-E040-A8C08F26360C","Banco di Desio e della Brianza - Agenzia 320 di Milano",9.2034,45.4258
"36D5247F-7E27-74B0-E050-A8C08F264F36","Banco di Desio e della Brianza Spa",9.2034,45.4254
"E12A7FC5-0137-66C3-E040-A8C08F26360C","Banco di Desio e della Brianza - Agenzia 328 di Milano",9.1857,45.4518
"E12A7FB9-7612-66C3-E040-A8C08F26360C","Bper - Banca Popolare dell'Emilia Romagna - Agenzia 4",9.1847,45.4526
"ECD5F966-7BD2-8940-E040-A8C08F266C76","Intesa Sanpaolo S.p.a.",9.1869,45.4522
"3B4723DE-902C-3D7B-E050-A8C08D262F2B","Cre'Dit Agricole Cariparma - Filiale di Milano Viale Bligny",9.1872,45.4517
"1843EF69-529B-3F94-E050-A8C08D261F11","Unicredit Banca - Centro Corporate Milano Navigli 2",9.2031,45.4529
"E7464F39-F312-49FB-E040-A8C08D2637ED","Barclay'S Bank",9.1822,45.4374
"E7464F3B-22FF-49FB-E040-A8C08D2637ED","Credito Valtellinese - Agenzia Milano 4",9.1812,45.4374
"369C7063-4C4A-B77D-E050-A8C08F26337D","Intesa Sanpaolo S.p.a. - Filiale Privati e Business",9.1700,45.4523
"E7464F3B-E302-49FB-E040-A8C08D2637ED","Barclays",9.1976,45.4486
"E7464F3A-1558-49FB-E040-A8C08D2637ED","Barclays - Filiale 29",9.2089,45.4526
"0AB362E6-CEB6-90DC-E050-A8C08F263789","Barclays Bank",9.1789,45.4434
"EB8BDAF8-2080-A0B5-E040-A8C08D264590","Cre'Dit Agricole Cariparma - Agenzia 19",9.1778,45.4437
"E866F882-7593-9DBE-E040-A8C08D26627F","Unicredit Banca - Milano Via Meda",9.1791,45.4439
"21C45158-9F59-9271-E050-A8C08D265321","Bpm - Agenzia 43",9.1806,45.4180
"EB8BDAF6-E662-A0B5-E040-A8C08D264590","Cassa di Risparmio di Parma e Piacenza Spa",9.2026,45.4507
"EB8BDAF7-EDC6-A0B5-E040-A8C08D264590","Cre'Dit Agricole Cariparma - Agenzia 13 di Milano",9.2026,45.4507
"92D856DE-78D7-7151-E050-020A3E7461FC","Credit Agricole Italia S.p.a.",9.1556,45.4501
"92D856DE-7A2D-7151-E050-020A3E7461FC","Credit Agricole Italia S.p.a.",9.2009,45.4344
"1843EF69-4F84-3F94-E050-A8C08D261F11","Intesa Sanpaolo",9.2008,45.4348
"E12A7FC1-ABC2-66C3-E040-A8C08F26360C","Comdirect Bank S.p.a.",9.1998,45.4311
"E12A7FD6-6637-66C3-E040-A8C08F26360C","Cre'Dit Agricole Cariparma - Agenzia 32",9.2199,45.4420
"E866F882-D283-9DBE-E040-A8C08D26627F","Intesa Sanpaolo Spa",9.2199,45.4420
"E12A7FD5-4622-66C3-E040-A8C08F26360C","Ubi Banca - Agenzia 2014",9.2211,45.4416
"E12A7FB1-1D08-66C3-E040-A8C08F26360C","Unicredit Banca - Agenzia Milano Corso Lodi",9.2211,45.4414
"E12A7FC8-8E1F-66C3-E040-A8C08F26360C","Cre'Dit Agricole Cariparma - Agenzia 9 di Milano",9.1419,45.4515
"E12A7FCA-644C-66C3-E040-A8C08F26360C","Intesa Sanpaolo S.p.a.",9.1414,45.4516
"E12A7FD0-DAAD-66C3-E040-A8C08F26360C","Ubi Banca - Agenzia 21",9.1408,45.4504
"E12A7FB2-4826-66C3-E040-A8C08F26360C","Ubi Banca Private Investment S.p.a.",9.1408,45.4504
"E866F881-AFEC-9DBE-E040-A8C08D26627F","Unicredit Banca - Milano Frattini",9.1420,45.4527
"E7464F3A-F19B-49FB-E040-A8C08D2637ED","Credem - Agenzia 16",9.1891,45.4522
"E12A7FC0-5FC2-66C3-E040-A8C08F26360C","Credito Valtellinese - Agenzia Milano 12",9.1910,45.4522
"1843EF69-4DAC-3F94-E050-A8C08D261F11","Intesa Sanpaolo - Agenzia 1897",9.1546,45.4526
"E7464F39-338B-49FB-E040-A8C08D2637ED","Credito Valtellinese - Agenzia di Milano 9",9.1621,45.4490
"E7464F3A-111A-49FB-E040-A8C08D2637ED","Credito Artigiano",9.2142,45.4410
"2240BA96-0A28-92DE-E050-A8C08F261A37","Intesa Sanpaolo S.p.a.",9.2136,45.4407
"E12A7FB9-85FE-66C3-E040-A8C08F26360C","Credito Emiliano Spa",9.2012,45.4331
"E12A7FBF-80CD-66C3-E040-A8C08F26360C","Deutsche Bank - Sportello Bancario o 979 di Milano",9.1559,45.4372
"18FEA022-4F0B-580A-E050-A8C08D264C19","Idea Fimit Societa' di Gestione del Risparmio S.p.a.",9.2210,45.4385
"540052AA-89D2-D690-E050-1AACBE065653","Idea Fimit Societa' di Gestione del Risparmio S.p.a.",9.2222,45.4397
"E12A7FC7-836F-66C3-E040-A8C08F26360C","Intesa Sanpaolo",9.1634,45.4446
"1843EF69-3BCE-3F94-E050-A8C08D261F11","Intesa Sanpaolo - Agenzia 12",9.1392,45.4435
"1843EF69-54B2-3F94-E050-A8C08D261F11","Intesa Sanpaolo - Agenzia 1896",9.1785,45.4390
"E866F885-D6C8-9DBE-E040-A8C08D26627F","Unicredit Banca - Agenzia Milano Viale Cermenate",9.1783,45.4380
"ECD5F966-7F88-8940-E040-A8C08F266C76","Intesa Sanpaolo S.p.a.",9.1548,45.4422
"E12A7FB4-EAAF-66C3-E040-A8C08F26360C","Intesa Sanpaolo S.p.a.",9.1750,45.4104
"E5F6C032-510F-396C-E040-A8C08D2675C5","Intesa Sanpaolo Spa",9.1927,45.4521
"E866F881-E119-9DBE-E040-A8C08D26627F","Unicredit Banca - Milano Bligny",9.1930,45.4509
"36FB93FD-EF16-39FA-E050-A8C08F260D8C","Mediolanum Service Srl",9.1788,45.4340
"E6475AC2-FB27-3BE5-E040-A8C08D2636C2","Monte dei Paschi di Siena - Agenzia 45 di Milano",9.1643,45.4373
"E866F885-10FB-9DBE-E040-A8C08D26627F","Monte dei Paschi di Siena - Filiale 71 di Milano",9.1786,45.4307
"E12A7FC9-9AD5-66C3-E040-A8C08F26360C","Ubi Banca - Agenzia 2007",9.1727,45.4430
"FD883827-9A2E-EB87-E040-A8C08D264620","Unione Pensionati Unicredit",9.1716,45.4438
"E57901FA-1435-A2AD-E040-A8C08D264C56","Ubi Banca - Agenzia 5565",9.1791,45.4449
"E12A7FB0-0E57-66C3-E040-A8C08F26360C","Ubi Banca - Agenzia di Milano Via Friuli",9.2100,45.4502
"E57901E8-F73E-A2AD-E040-A8C08D264C56","Ubi Sistemi e Servizi S.C.P.A.",9.1837,45.4526
"E866F885-5B13-9DBE-E040-A8C08D26627F","Unicredit Banca - Agenzia",9.1976,45.4370
"E7464F39-1FC0-49FB-E040-A8C08D2637ED","Unicredit Family Financing Bank Spa",9.1615,45.4514
"1843EF69-45A2-3F94-E050-A8C08D261F11","Unipol Banca - Filiale 49",9.1507,45.4366
"E12A7FB9-9B81-66C3-E040-A8C08F26360C","Unipol Banca - Filiale 52",9.1552,45.4404
"E12A7FB1-22FB-66C3-E040-A8C08F26360C","Banca Popolare di Milano Soc. Coop. a R.L.",9.1279,45.5156
"369C7063-3C6F-B77D-E050-A8C08F26337D","Finecobank Banca Fineco S.p.a.",9.1189,45.5146
"E12A7FBE-492D-66C3-E040-A8C08F26360C","Ubi Banca - Agenzia",9.1189,45.5185
"9A207B61-58C3-6CA4-E050-020A3E746C9F","Compass Banca S.p.A.",9.1023,45.4785
"6AAB16F3-1209-9E8C-E050-020A3E747017","Banca Intesa",9.1022,45.4797
"2240BA96-0D91-92DE-E050-A8C08F261A37","Carrefour Banca - Servizio Clienti",9.1011,45.4778
"ECD5F966-868A-8940-E040-A8C08F266C76","Intesa Sanpaolo S.p.a.",9.1011,45.4778
"17FE830F-4F5C-372D-E050-A8C08F262682","Banque Psa Finance",9.1275,45.4987
"EB8BDAF8-4D84-A0B5-E040-A8C08D264590","Unicredit Global Information Services Societa' Consortile per Azioni",9.1245,45.4903
"20FCC8AE-D398-776A-E050-A8C08D262614","Unicredit Leasing Spa",9.1245,45.4903
"E6475AC2-2565-3BE5-E040-A8C08D2636C2","Banca della Nuova Terra",9.1124,45.4957
"E12A7FCA-6167-66C3-E040-A8C08F26360C","Credito Emiliano Spa",9.1139,45.4954
"180FDF78-192B-1BF7-E050-A8C08F2649EC","Banca Popolare di Milano Scarl",9.1262,45.5014
"E60A8CE3-DE27-3BAD-E040-A8C08D267887","Bper - Banca Popolare dell'Emilia Romagna - Agenzia 5",9.1266,45.5015
"1843EF69-45BA-3F94-E050-A8C08D261F11","Bpm - Agenzia 1242",9.1262,45.5014
"E8CB30B9-EBB7-8670-E040-A8C08D260279","Banca Monte dei Paschi di Siena S.p.a.",9.1132,45.4599
"FCF8893B-7137-F004-E040-A8C08D2678B6","Banca Monte dei Paschi di Siena Spa",9.1345,45.4543
"1843EF69-40D3-3F94-E050-A8C08D261F11","Intesa Sanpaolo - Agenzia 3929",9.1331,45.4540
"E12A7FB8-1CFC-66C3-E040-A8C08F26360C","Banca Popolare di Milano Scrl",9.1279,45.4858
"E12A7FB6-1A5D-66C3-E040-A8C08F26360C","Banca Popolare di Milano Scrl",9.0957,45.4605
"E12A7FBA-BB30-66C3-E040-A8C08F26360C","Bper - Banca Popolare dell'Emilia Romagna - Agenzia 11 di Milano",9.0951,45.4606
"E12A7FCA-52D7-66C3-E040-A8C08F26360C","Banca Popolare di Milano Scrl",9.1193,45.4727
"E12A7FAE-512D-66C3-E040-A8C08F26360C","Banca Popolare di Milano Scrl",9.1189,45.4574
"E12A7FCD-95E9-66C3-E040-A8C08F26360C","Banca Popolare di Milano Scrl",9.1249,45.4944
"E12A7FC3-FB8C-66C3-E040-A8C08F26360C","Banca Popolare di Milano Soc. Coop. a R.L.",9.0907,45.4772
"E12A7FAF-D1DF-66C3-E040-A8C08F26360C","Banca Popolare di Milano Soc. Coop. a R.L.",9.1088,45.4744
"E12A7FD4-4045-66C3-E040-A8C08F26360C","Banca Popolare di Milano Soc. Coop. a R.L.",9.1311,45.4701
"21C45159-BDE1-9271-E050-A8C08D265321","Bpm - Agenzia 00029",9.1317,45.4712
"E12A7FB2-5FA3-66C3-E040-A8C08F26360C","Banca Popolare di Milano Soc. Coop. a R.L.",9.1342,45.4961
"E12A7FD5-8265-66C3-E040-A8C08F26360C","Banca Popolare di Milano Soc. Coop. a R.L.",9.1011,45.4908
"21C45159-D414-9271-E050-A8C08D265321","Bpm - Agenzia 354",9.1338,45.4626
"92D856DE-7A0A-7151-E050-020A3E7461FC","Credit Agricole Italia S.p.a.",9.1049,45.4598
"ECD5F966-7C1A-8940-E040-A8C08F266C76","Cre'Dit Agricole Cariparma - Agenzia",9.0961,45.4570
"E12A7FB1-AA1A-66C3-E040-A8C08F26360C","Credem - Agenzia 9",9.1301,45.4678
"F611CF13-5262-ECE4-E040-A8C08D261807","Unicredit Banca - Milano Melozzo da Forli'",9.1306,45.4681
"1843EF69-4A6D-3F94-E050-A8C08D261F11","Intesa Sanpaolo - Agenzia 3676",9.1237,45.4551
"1FB9D625-5015-8042-E050-A8C08F26572B","Intesa Sanpaolo S.p.a.",9.1166,45.4743
"1843EF69-3C14-3F94-E050-A8C08D261F11","Intesa Sanpaolo - Agenzia 1980",9.1281,45.4718
"E7464F3F-7C16-49FB-E040-A8C08D2637ED","Intesa Sanpaolo - Agenzia 3 di Milano",9.1348,45.4704
"E93CDD2B-0055-6630-E040-A8C08D263FB4","Key Client Cards & Solutions (Furto e Smarrimento)",9.1321,45.4587
"E12A7FBE-5E67-66C3-E040-A8C08F26360C","Ubi Banca - Agenzia 5572",9.1125,45.4700
"E866F887-9910-9DBE-E040-A8C08D26627F","Unicredit Banca - Agenzia Milano Baggio",9.0875,45.4627
"36D5247F-DC79-74B0-E050-A8C08F264F36","Unicredit Spa",9.0904,45.4755
"E12A7FB6-8852-66C3-E040-A8C08F26360C","Banca Itb S.p.a.",9.1174,45.4462
"1843EF69-3BEA-3F94-E050-A8C08D261F11","Intesa Sanpaolo - Agenzia 7585",9.0706,45.4515
"ECD5F966-8754-8940-E040-A8C08F266C76","Intesa Sanpaolo S.p.a.",9.1282,45.4405
