timestamp,investor,amount,traced,eventType
306699,F39,581857.38,True,NOTINVOLVED_INVESTMENT
307198,F77,639612.57,True,NOTINVOLVED_INVESTMENT
313823,F54,580878.72,True,NOTINVOLVED_INVESTMENT
327942,F15,592939.97,True,NOTINVOLVED_INVESTMENT
336616,F38,608222.9,True,NOTINVOLVED_INVESTMENT
337015,F10,644229.13,True,NOTINVOLVED_INVESTMENT
337145,F41,636330.26,True,NOTINVOLVED_INVESTMENT
345586,F49,553166.05,True,NOTINVOLVED_INVESTMENT
354708,F18,605003.92,True,NOTINVOLVED_INVESTMENT
367012,F11,545102.81,True,NOTINVOLVED_INVESTMENT
387642,F31,594794.15,True,NOTINVOLVED_INVESTMENT
388383,F57,642221.21,True,NOTINVOLVED_INVESTMENT
389998,F29,611350.83,True,NOTINVOLVED_INVESTMENT
390098,F17,635750.8,True,NOTINVOLVED_INVESTMENT
393484,F55,556565.17,True,NOTINVOLVED_INVESTMENT
398669,F47,581117.61,True,NOTINVOLVED_INVESTMENT
399127,F76,602079.53,True,NOTINVOLVED_INVESTMENT
404316,F34,581165.54,True,NOTINVOLVED_INVESTMENT
408126,F37,578993.99,True,NOTINVOLVED_INVESTMENT
411362,F21,587435.34,True,NOTINVOLVED_INVESTMENT
419406,F65,595360.0,True,NOTINVOLVED_INVESTMENT
421266,F73,559378.3,True,NOTINVOLVED_INVESTMENT
421318,F46,583352.99,True,NOTINVOLVED_INVESTMENT
424617,F62,563548.69,True,NOTINVOLVED_INVESTMENT
442367,F27,613905.77,True,NOTINVOLVED_INVESTMENT
478209,F74,597339.71,True,NOTINVOLVED_INVESTMENT
490652,F5,589496.03,True,NOTINVOLVED_INVESTMENT
499870,F23,582448.81,True,NOTINVOLVED_INVESTMENT
506169,F45,590832.89,True,NOTINVOLVED_INVESTMENT
542851,F20,593749.3,True,NOTINVOLVED_INVESTMENT
547472,F70,606380.85,True,NOTINVOLVED_INVESTMENT
553869,F40,553022.45,True,NOTINVOLVED_INVESTMENT
563448,F33,653249.53,True,NOTINVOLVED_INVESTMENT
571051,F44,583053.83,True,NOTINVOLVED_INVESTMENT
579950,F56,567989.49,True,NOTINVOLVED_INVESTMENT
589378,F1,560518.8,True,NOTINVOLVED_INVESTMENT
609910,F61,589476.53,True,NOTINVOLVED_INVESTMENT
620213,F28,559312.76,True,NOTINVOLVED_INVESTMENT
629878,F64,650539.48,True,NOTINVOLVED_INVESTMENT
641661,F8,633873.77,True,NOTINVOLVED_INVESTMENT
647225,F75,556927.01,True,NOTINVOLVED_INVESTMENT
656294,F19,641740.83,True,NOTINVOLVED_INVESTMENT
658297,F72,567454.25,True,NOTINVOLVED_INVESTMENT
658462,F68,632912.0,True,NOTINVOLVED_INVESTMENT
663085,F25,575626.52,True,NOTINVOLVED_INVESTMENT
665453,F35,620985.65,True,NOTINVOLVED_INVESTMENT
665964,F43,658411.44,True,NOTINVOLVED_INVESTMENT
672898,F52,582327.86,True,NOTINVOLVED_INVESTMENT
677109,F51,622951.65,True,NOTINVOLVED_INVESTMENT
701092,F12,546766.83,True,NOTINVOLVED_INVESTMENT
710123,F16,544732.65,True,NOTINVOLVED_INVESTMENT
713630,F79,601194.01,True,NOTINVOLVED_INVESTMENT
714260,F48,563798.43,True,NOTINVOLVED_INVESTMENT
730573,F6,580883.62,True,NOTINVOLVED_INVESTMENT
745888,F59,551016.64,True,NOTINVOLVED_INVESTMENT
753494,F53,634045.01,True,NOTINVOLVED_INVESTMENT
769300,F50,540867.64,True,NOTINVOLVED_INVESTMENT
770788,F67,635264.67,True,NOTINVOLVED_INVESTMENT
771162,F36,625301.21,True,NOTINVOLVED_INVESTMENT
780921,F66,634805.82,True,NOTINVOLVED_INVESTMENT
782441,F42,581641.24,True,NOTINVOLVED_INVESTMENT
784531,F69,594188.04,True,NOTINVOLVED_INVESTMENT
787237,F14,566726.74,True,NOTINVOLVED_INVESTMENT
796493,F0,657110.32,True,NOTINVOLVED_INVESTMENT
796572,F32,570509.05,True,NOTINVOLVED_INVESTMENT
797414,F3,579799.11,True,NOTINVOLVED_INVESTMENT
811963,F2,645858.72,True,NOTINVOLVED_INVESTMENT
819433,F71,554138.99,True,NOTINVOLVED_INVESTMENT
821234,F9,649766.28,True,NOTINVOLVED_INVESTMENT
829728,F30,654267.59,True,NOTINVOLVED_INVESTMENT
830108,F63,579000.16,True,NOTINVOLVED_INVESTMENT
848184,F24,593868.52,True,NOTINVOLVED_INVESTMENT
852128,F22,583834.56,True,NOTINVOLVED_INVESTMENT
866102,F7,564376.99,True,NOTINVOLVED_INVESTMENT
866261,F13,545398.18,True,NOTINVOLVED_INVESTMENT
882192,F58,630104.82,True,NOTINVOLVED_INVESTMENT
886869,F78,550478.26,True,NOTINVOLVED_INVESTMENT
888341,F4,569757.02,True,NOTINVOLVED_INVESTMENT
889578,F60,630101.12,True,NOTINVOLVED_INVESTMENT
903631,F26,613717.55,True,NOTINVOLVED_INVESTMENT
2159132,F39,638264.88,True,NOTINVOLVED_INVESTMENT
2189164,F41,555455.33,True,NOTINVOLVED_INVESTMENT
2261385,F37,617784.37,True,NOTINVOLVED_INVESTMENT
2309173,F21,628848.5,True,NOTINVOLVED_INVESTMENT
2332115,F27,614894.85,True,NOTINVOLVED_INVESTMENT
2376034,F23,593397.79,True,NOTINVOLVED_INVESTMENT
2420129,F20,635434.51,True,NOTINVOLVED_INVESTMENT
2513489,F72,605058.5,True,NOTINVOLVED_INVESTMENT
2578311,F44,598342.02,True,NOTINVOLVED_INVESTMENT
2587842,F68,614742.84,True,NOTINVOLVED_INVESTMENT
2592706,F12,652119.44,True,NOTINVOLVED_INVESTMENT
2618039,F1,658154.17,True,NOTINVOLVED_INVESTMENT
2627761,F79,649840.16,True,NOTINVOLVED_INVESTMENT
2634965,F6,561679.21,True,NOTINVOLVED_INVESTMENT
2643734,F59,575254.05,True,NOTINVOLVED_INVESTMENT
2653556,F46,581199.76,True,NOTINVOLVED_INVESTMENT
2664664,F32,541220.62,True,NOTINVOLVED_INVESTMENT
2680938,F70,608942.84,True,NOTINVOLVED_INVESTMENT
2688737,F55,584231.07,True,NOTINVOLVED_INVESTMENT
2716106,F5,604560.96,True,NOTINVOLVED_INVESTMENT
2717628,F75,653193.12,True,NOTINVOLVED_INVESTMENT
2722759,F56,567217.54,True,NOTINVOLVED_INVESTMENT
2757160,F61,607852.46,True,NOTINVOLVED_INVESTMENT
2814935,F73,562720.64,True,NOTINVOLVED_INVESTMENT
2821162,F51,596264.96,True,NOTINVOLVED_INVESTMENT
2843225,F15,618474.09,True,NOTINVOLVED_INVESTMENT
2851484,F38,570096.11,True,NOTINVOLVED_INVESTMENT
2863798,F29,574075.21,True,NOTINVOLVED_INVESTMENT
2875328,F25,570347.37,True,NOTINVOLVED_INVESTMENT
2952244,F31,645478.39,True,NOTINVOLVED_INVESTMENT
2960077,F52,616715.33,True,NOTINVOLVED_INVESTMENT
2969185,F18,548675.65,True,NOTINVOLVED_INVESTMENT
3021808,F42,574256.34,True,NOTINVOLVED_INVESTMENT
3034150,F26,582147.16,True,NOTINVOLVED_INVESTMENT
3046905,F11,642212.02,True,NOTINVOLVED_INVESTMENT
3086222,F76,612713.58,True,NOTINVOLVED_INVESTMENT
3110940,F49,611449.35,True,NOTINVOLVED_INVESTMENT
3117197,F66,540400.49,True,NOTINVOLVED_INVESTMENT
3123849,F50,647609.26,True,NOTINVOLVED_INVESTMENT
3138566,F28,594806.62,True,NOTINVOLVED_INVESTMENT
3171144,F63,540627.11,True,NOTINVOLVED_INVESTMENT
3184815,F69,622036.97,True,NOTINVOLVED_INVESTMENT
3202763,F14,654292.52,True,NOTINVOLVED_INVESTMENT
3227700,F16,634914.97,True,NOTINVOLVED_INVESTMENT
3249892,F30,593634.74,True,NOTINVOLVED_INVESTMENT
3258442,F53,567128.21,True,NOTINVOLVED_INVESTMENT
3283448,F77,620354.63,True,NOTINVOLVED_INVESTMENT
3288475,F47,616570.26,True,NOTINVOLVED_INVESTMENT
3289676,F64,622785.53,True,NOTINVOLVED_INVESTMENT
3298498,F35,551792.25,True,NOTINVOLVED_INVESTMENT
3360299,F71,635525.96,True,NOTINVOLVED_INVESTMENT
3367804,F17,615114.22,True,NOTINVOLVED_INVESTMENT
3379670,F10,551085.56,True,NOTINVOLVED_INVESTMENT
3407319,F65,616945.61,True,NOTINVOLVED_INVESTMENT
3412540,F0,586531.86,True,NOTINVOLVED_INVESTMENT
3444402,F9,566927.27,True,NOTINVOLVED_INVESTMENT
3445994,F34,584535.1,True,NOTINVOLVED_INVESTMENT
3447074,F8,544636.46,True,NOTINVOLVED_INVESTMENT
3464839,F33,630888.08,True,NOTINVOLVED_INVESTMENT
3522412,F36,582166.89,True,NOTINVOLVED_INVESTMENT
3530993,F43,599007.14,True,NOTINVOLVED_INVESTMENT
3542095,F62,557327.65,True,NOTINVOLVED_INVESTMENT
3543327,F13,584464.99,True,NOTINVOLVED_INVESTMENT
3555906,F19,581497.98,True,NOTINVOLVED_INVESTMENT
3574986,F54,619466.52,True,NOTINVOLVED_INVESTMENT
3606842,F4,629076.71,True,NOTINVOLVED_INVESTMENT
3657940,F57,597143.57,True,NOTINVOLVED_INVESTMENT
3673904,F78,605188.17,True,NOTINVOLVED_INVESTMENT
3679078,F3,659186.67,True,NOTINVOLVED_INVESTMENT
3690622,F40,561604.68,True,NOTINVOLVED_INVESTMENT
3748527,F45,605948.3,True,NOTINVOLVED_INVESTMENT
3822410,F22,656878.64,True,NOTINVOLVED_INVESTMENT
3832766,F74,568350.75,True,NOTINVOLVED_INVESTMENT
3846316,F7,608068.02,True,NOTINVOLVED_INVESTMENT
3852293,F2,615135.73,True,NOTINVOLVED_INVESTMENT
3864456,F60,653224.2,True,NOTINVOLVED_INVESTMENT
4064976,F58,581933.67,True,NOTINVOLVED_INVESTMENT
4078292,F48,547032.55,True,NOTINVOLVED_INVESTMENT
4105096,F67,573829.47,True,NOTINVOLVED_INVESTMENT
4247427,F24,575175.63,True,NOTINVOLVED_INVESTMENT
4585878,F75,591881.01,True,NOTINVOLVED_INVESTMENT
4651091,F68,645166.84,True,NOTINVOLVED_INVESTMENT
4797766,F56,568803.57,True,NOTINVOLVED_INVESTMENT
4869326,F72,579053.17,True,NOTINVOLVED_INVESTMENT
4869647,F51,568499.92,True,NOTINVOLVED_INVESTMENT
4899583,F61,571934.55,True,NOTINVOLVED_INVESTMENT
4965801,F38,599875.46,True,NOTINVOLVED_INVESTMENT
4967016,F27,627772.7,True,NOTINVOLVED_INVESTMENT
4974807,F6,550589.08,True,NOTINVOLVED_INVESTMENT
5014511,F21,554237.49,True,NOTINVOLVED_INVESTMENT
5026946,F11,563342.77,True,NOTINVOLVED_INVESTMENT
5051508,F55,646726.27,True,NOTINVOLVED_INVESTMENT
5069815,F52,541639.98,True,NOTINVOLVED_INVESTMENT
5116991,F69,563569.83,True,NOTINVOLVED_INVESTMENT
5145369,F44,631409.72,True,NOTINVOLVED_INVESTMENT
5148000,F70,572239.17,True,NOTINVOLVED_INVESTMENT
5148522,F26,648460.31,True,NOTINVOLVED_INVESTMENT
5253838,F28,560602.6,True,NOTINVOLVED_INVESTMENT
5291669,F17,591069.05,True,NOTINVOLVED_INVESTMENT
5316095,F32,611982.71,True,NOTINVOLVED_INVESTMENT
5339195,F76,545153.35,True,NOTINVOLVED_INVESTMENT
5368349,F39,570882.06,True,NOTINVOLVED_INVESTMENT
5440810,F79,646468.25,True,NOTINVOLVED_INVESTMENT
5465473,F29,591658.76,True,NOTINVOLVED_INVESTMENT
5473600,F37,645065.22,True,NOTINVOLVED_INVESTMENT
5474694,F62,571558.89,True,NOTINVOLVED_INVESTMENT
5530370,F20,632940.48,True,NOTINVOLVED_INVESTMENT
5539820,F46,589382.53,True,NOTINVOLVED_INVESTMENT
5554023,F31,567111.61,True,NOTINVOLVED_INVESTMENT
5563450,F73,625601.39,True,NOTINVOLVED_INVESTMENT
5567081,F65,608284.9,True,NOTINVOLVED_INVESTMENT
5568592,F10,566224.06,True,NOTINVOLVED_INVESTMENT
5594065,F41,551889.52,True,NOTINVOLVED_INVESTMENT
5612328,F23,643461.16,True,NOTINVOLVED_INVESTMENT
5633869,F45,552539.09,True,NOTINVOLVED_INVESTMENT
5635468,F1,589589.42,True,NOTINVOLVED_INVESTMENT
5644725,F66,553580.71,True,NOTINVOLVED_INVESTMENT
5650527,F49,594059.73,True,NOTINVOLVED_INVESTMENT
5661434,F53,652780.89,True,NOTINVOLVED_INVESTMENT
5678170,F50,549466.41,True,NOTINVOLVED_INVESTMENT
5686262,F25,571983.11,True,NOTINVOLVED_INVESTMENT
5701392,F16,544400.1,True,NOTINVOLVED_INVESTMENT
5749954,F15,569470.13,True,NOTINVOLVED_INVESTMENT
5789765,F78,584804.42,True,NOTINVOLVED_INVESTMENT
5813846,F33,653886.4,True,NOTINVOLVED_INVESTMENT
5818322,F60,643506.1,True,NOTINVOLVED_INVESTMENT
5844946,F64,612025.32,True,NOTINVOLVED_INVESTMENT
5851468,F18,633066.45,True,NOTINVOLVED_INVESTMENT
5879281,F59,615871.41,True,NOTINVOLVED_INVESTMENT
5972898,F0,572103.26,True,NOTINVOLVED_INVESTMENT
5983961,F14,641963.03,True,NOTINVOLVED_INVESTMENT
6004570,F35,547430.87,True,NOTINVOLVED_INVESTMENT
6007718,F12,616428.98,True,NOTINVOLVED_INVESTMENT
6048850,F9,550262.19,True,NOTINVOLVED_INVESTMENT
6061227,F5,572606.51,True,NOTINVOLVED_INVESTMENT
6067882,F30,591308.32,True,NOTINVOLVED_INVESTMENT
6107250,F13,656202.97,True,NOTINVOLVED_INVESTMENT
6135109,F40,600995.71,True,NOTINVOLVED_INVESTMENT
6141328,f2,1023145.39,True,SHADOW_INVESTMENT
6148403,F42,631691.21,True,NOTINVOLVED_INVESTMENT
6183445,F77,609057.99,True,NOTINVOLVED_INVESTMENT
6213782,F74,638719.13,True,NOTINVOLVED_INVESTMENT
6223608,F3,542886.99,True,NOTINVOLVED_INVESTMENT
6241808,F58,605963.79,True,NOTINVOLVED_INVESTMENT
6242717,F71,541215.97,True,NOTINVOLVED_INVESTMENT
6256032,F8,606878.85,True,NOTINVOLVED_INVESTMENT
6336033,F63,591499.13,True,NOTINVOLVED_INVESTMENT
6425071,F4,639950.01,True,NOTINVOLVED_INVESTMENT
6443583,F2,607633.98,True,NOTINVOLVED_INVESTMENT
6512743,F54,568583.19,True,NOTINVOLVED_INVESTMENT
6517660,F47,626809.64,True,NOTINVOLVED_INVESTMENT
6595106,F67,603596.18,True,NOTINVOLVED_INVESTMENT
6618684,F22,654645.85,True,NOTINVOLVED_INVESTMENT
6753606,F19,584428.15,True,NOTINVOLVED_INVESTMENT
6778437,F36,599562.28,True,NOTINVOLVED_INVESTMENT
6788617,F57,588798.02,True,NOTINVOLVED_INVESTMENT
6789788,F7,634117.97,True,NOTINVOLVED_INVESTMENT
6793162,F34,624578.75,True,NOTINVOLVED_INVESTMENT
6811364,F43,619382.88,True,NOTINVOLVED_INVESTMENT
6920963,F24,630965.75,True,NOTINVOLVED_INVESTMENT
6925181,F56,610629.84,True,NOTINVOLVED_INVESTMENT
7068536,F70,643768.93,True,NOTINVOLVED_INVESTMENT
7092097,F51,619941.12,True,NOTINVOLVED_INVESTMENT
7164874,F11,571618.61,True,NOTINVOLVED_INVESTMENT
7287365,F48,612318.4,True,NOTINVOLVED_INVESTMENT
7302197,F52,613738.29,True,NOTINVOLVED_INVESTMENT
7397277,F44,569337.9,True,NOTINVOLVED_INVESTMENT
7408734,F46,639294.5,True,NOTINVOLVED_INVESTMENT
7438788,F75,557936.21,True,NOTINVOLVED_INVESTMENT
7496623,F62,570229.37,True,NOTINVOLVED_INVESTMENT
7506243,F21,577821.34,True,NOTINVOLVED_INVESTMENT
7527230,F25,658117.39,True,NOTINVOLVED_INVESTMENT
7570440,F69,547865.41,True,NOTINVOLVED_INVESTMENT
7574229,F66,600700.75,True,NOTINVOLVED_INVESTMENT
7575500,F16,634158.31,True,NOTINVOLVED_INVESTMENT
7600488,F79,649219.27,True,NOTINVOLVED_INVESTMENT
7603682,F65,546221.04,True,NOTINVOLVED_INVESTMENT
7617192,F31,583896.01,True,NOTINVOLVED_INVESTMENT
7639274,F50,571122.03,True,NOTINVOLVED_INVESTMENT
7646118,F37,603289.74,True,NOTINVOLVED_INVESTMENT
7656319,F73,654951.05,True,NOTINVOLVED_INVESTMENT
7740828,F6,606858.13,True,NOTINVOLVED_INVESTMENT
7745389,F38,628170.96,True,NOTINVOLVED_INVESTMENT
7746657,F20,565586.26,True,NOTINVOLVED_INVESTMENT
7780887,F23,598375.58,True,NOTINVOLVED_INVESTMENT
7831146,F61,587434.04,True,NOTINVOLVED_INVESTMENT
7944686,F78,658903.52,True,NOTINVOLVED_INVESTMENT
7957768,F68,592605.85,True,NOTINVOLVED_INVESTMENT
7959918,F27,557725.16,True,NOTINVOLVED_INVESTMENT
7998999,F26,567048.5,True,NOTINVOLVED_INVESTMENT
8018090,F33,607929.52,True,NOTINVOLVED_INVESTMENT
8035962,F13,580287.85,True,NOTINVOLVED_INVESTMENT
8048441,F41,546115.34,True,NOTINVOLVED_INVESTMENT
8068592,F76,642728.45,True,NOTINVOLVED_INVESTMENT
8143093,F28,598126.88,True,NOTINVOLVED_INVESTMENT
8145728,F17,600841.68,True,NOTINVOLVED_INVESTMENT
8153724,F1,616474.57,True,NOTINVOLVED_INVESTMENT
8203178,F14,599814.95,True,NOTINVOLVED_INVESTMENT
8208291,F29,559073.85,True,NOTINVOLVED_INVESTMENT
8218367,F39,594326.56,True,NOTINVOLVED_INVESTMENT
8236570,F32,627448.36,True,NOTINVOLVED_INVESTMENT
8260354,F45,553614.43,True,NOTINVOLVED_INVESTMENT
8270066,F53,596906.04,True,NOTINVOLVED_INVESTMENT
8275188,F72,633640.47,True,NOTINVOLVED_INVESTMENT
8281214,F59,546778.01,True,NOTINVOLVED_INVESTMENT
8318044,F64,597863.27,True,NOTINVOLVED_INVESTMENT
8414916,F49,599851.87,True,NOTINVOLVED_INVESTMENT
8416128,F55,614041.81,True,NOTINVOLVED_INVESTMENT
8522196,F58,568378.63,True,NOTINVOLVED_INVESTMENT
8594646,F12,644063.19,True,NOTINVOLVED_INVESTMENT
8618108,F10,636907.32,True,NOTINVOLVED_INVESTMENT
8649996,F22,652981.31,True,NOTINVOLVED_INVESTMENT
8653584,F42,653979.85,True,NOTINVOLVED_INVESTMENT
8679485,F36,643690.74,True,NOTINVOLVED_INVESTMENT
8774042,F60,611036.21,True,NOTINVOLVED_INVESTMENT
8783185,F19,633967.04,True,NOTINVOLVED_INVESTMENT
8791112,F47,624600.44,True,NOTINVOLVED_INVESTMENT
8825526,F71,638897.69,True,NOTINVOLVED_INVESTMENT
8833984,F63,572198.43,True,NOTINVOLVED_INVESTMENT
8856533,F0,544560.06,True,NOTINVOLVED_INVESTMENT
8948318,F8,540469.94,True,NOTINVOLVED_INVESTMENT
9046634,F30,658440.88,True,NOTINVOLVED_INVESTMENT
9090913,F67,595886.41,True,NOTINVOLVED_INVESTMENT
9107268,F35,609095.81,True,NOTINVOLVED_INVESTMENT
9114140,F40,560042.55,True,NOTINVOLVED_INVESTMENT
9135807,F18,565123.32,True,NOTINVOLVED_INVESTMENT
9156679,F15,656782.33,True,NOTINVOLVED_INVESTMENT
9178272,F24,554540.93,True,NOTINVOLVED_INVESTMENT
9182371,F34,570186.72,True,NOTINVOLVED_INVESTMENT
9219740,F9,636057.04,True,NOTINVOLVED_INVESTMENT
9278746,F4,654610.82,True,NOTINVOLVED_INVESTMENT
9287232,F44,597626.82,True,NOTINVOLVED_INVESTMENT
9303842,F11,639413.18,True,NOTINVOLVED_INVESTMENT
9372831,F54,607191.87,True,NOTINVOLVED_INVESTMENT
9373223,F51,558192.0,True,NOTINVOLVED_INVESTMENT
9425896,F5,659168.56,True,NOTINVOLVED_INVESTMENT
9432613,F43,562978.85,True,NOTINVOLVED_INVESTMENT
9496614,F65,581335.93,True,NOTINVOLVED_INVESTMENT
9508555,F77,636011.45,True,NOTINVOLVED_INVESTMENT
9512600,F74,580901.89,True,NOTINVOLVED_INVESTMENT
9513815,F3,618664.49,True,NOTINVOLVED_INVESTMENT
9527667,F46,649714.14,True,NOTINVOLVED_INVESTMENT
9533043,F16,603125.33,True,NOTINVOLVED_INVESTMENT
9564700,F7,632675.37,True,NOTINVOLVED_INVESTMENT
9728083,F2,544763.87,True,NOTINVOLVED_INVESTMENT
9769658,F20,655437.77,True,NOTINVOLVED_INVESTMENT
9813662,F50,562243.43,True,NOTINVOLVED_INVESTMENT
9864954,F52,565613.16,True,NOTINVOLVED_INVESTMENT
9932630,F57,558036.09,True,NOTINVOLVED_INVESTMENT
9967746,F6,641174.04,True,NOTINVOLVED_INVESTMENT
10022815,F62,592540.54,True,NOTINVOLVED_INVESTMENT
10099016,F37,570522.8,True,NOTINVOLVED_INVESTMENT
10103503,F66,574839.81,True,NOTINVOLVED_INVESTMENT
10218516,F61,659734.37,True,NOTINVOLVED_INVESTMENT
10244335,F23,592031.04,True,NOTINVOLVED_INVESTMENT
10255861,F56,577632.12,True,NOTINVOLVED_INVESTMENT
10256804,F75,658846.35,True,NOTINVOLVED_INVESTMENT
10351676,F31,615741.42,True,NOTINVOLVED_INVESTMENT
10363136,F17,607208.1,True,NOTINVOLVED_INVESTMENT
10394006,F38,554045.86,True,NOTINVOLVED_INVESTMENT
10446798,F70,606448.12,True,NOTINVOLVED_INVESTMENT
10489320,F72,562356.75,True,NOTINVOLVED_INVESTMENT
10534419,F79,619016.67,True,NOTINVOLVED_INVESTMENT
10553645,F25,608497.52,True,NOTINVOLVED_INVESTMENT
10584820,F22,557862.25,True,NOTINVOLVED_INVESTMENT
10628121,F48,593175.03,True,NOTINVOLVED_INVESTMENT
10661370,F78,643200.36,True,NOTINVOLVED_INVESTMENT
10675171,F1,624536.75,True,NOTINVOLVED_INVESTMENT
10686207,F53,617150.52,True,NOTINVOLVED_INVESTMENT
10707769,F33,554881.9,True,NOTINVOLVED_INVESTMENT
10757897,F26,644290.31,True,NOTINVOLVED_INVESTMENT
10800957,F21,591383.99,True,NOTINVOLVED_INVESTMENT
10805407,F69,595609.39,True,NOTINVOLVED_INVESTMENT
10891898,F64,658733.84,True,NOTINVOLVED_INVESTMENT
10906173,F76,589739.31,True,NOTINVOLVED_INVESTMENT
10908289,F39,552251.69,True,NOTINVOLVED_INVESTMENT
10938638,F49,653080.15,True,NOTINVOLVED_INVESTMENT
11036629,F28,639757.12,True,NOTINVOLVED_INVESTMENT
11038553,F73,542360.66,True,NOTINVOLVED_INVESTMENT
11055773,F27,596242.16,True,NOTINVOLVED_INVESTMENT
11115790,F40,618554.68,True,NOTINVOLVED_INVESTMENT
11134228,F14,657658.42,True,NOTINVOLVED_INVESTMENT
11163071,F32,615423.72,True,NOTINVOLVED_INVESTMENT
11172194,F29,589772.03,True,NOTINVOLVED_INVESTMENT
11206716,F15,650041.15,True,NOTINVOLVED_INVESTMENT
11210319,F63,541928.63,True,NOTINVOLVED_INVESTMENT
11214017,F44,557216.66,True,NOTINVOLVED_INVESTMENT
11222594,F13,628489.17,True,NOTINVOLVED_INVESTMENT
11225835,F45,572041.33,True,NOTINVOLVED_INVESTMENT
11254164,F34,597735.64,True,NOTINVOLVED_INVESTMENT
11270817,F19,578314.04,True,NOTINVOLVED_INVESTMENT
11289186,F58,555998.55,True,NOTINVOLVED_INVESTMENT
11315901,F5,569845.68,True,NOTINVOLVED_INVESTMENT
11326809,F68,545141.93,True,NOTINVOLVED_INVESTMENT
11333681,F59,607003.11,True,NOTINVOLVED_INVESTMENT
11367774,F41,614451.75,True,NOTINVOLVED_INVESTMENT
11425621,F42,658579.92,True,NOTINVOLVED_INVESTMENT
11431996,F71,620280.77,True,NOTINVOLVED_INVESTMENT
11449459,F65,657388.06,True,NOTINVOLVED_INVESTMENT
11461709,F30,559884.82,True,NOTINVOLVED_INVESTMENT
11465524,F60,627884.06,True,NOTINVOLVED_INVESTMENT
11535717,F0,547160.13,True,NOTINVOLVED_INVESTMENT
11624888,F43,563152.93,True,NOTINVOLVED_INVESTMENT
11690900,F74,635435.48,True,NOTINVOLVED_INVESTMENT
11710134,F36,552319.43,True,NOTINVOLVED_INVESTMENT
11719885,F12,584215.99,True,NOTINVOLVED_INVESTMENT
11725051,F10,581426.86,True,NOTINVOLVED_INVESTMENT
11799790,F55,658943.0,True,NOTINVOLVED_INVESTMENT
11800932,F18,617868.63,True,NOTINVOLVED_INVESTMENT
11876101,F77,583563.38,True,NOTINVOLVED_INVESTMENT
11885844,F2,588379.04,True,NOTINVOLVED_INVESTMENT
11886367,F51,635696.33,True,NOTINVOLVED_INVESTMENT
11974262,F24,589881.06,True,NOTINVOLVED_INVESTMENT
11977113,F3,554797.41,True,NOTINVOLVED_INVESTMENT
11996497,F20,601325.78,True,NOTINVOLVED_INVESTMENT
12167175,F54,633643.97,True,NOTINVOLVED_INVESTMENT
12170139,F47,638745.04,True,NOTINVOLVED_INVESTMENT
12193762,F11,654454.13,True,NOTINVOLVED_INVESTMENT
12202242,F46,598771.21,True,NOTINVOLVED_INVESTMENT
12231937,F35,545546.96,True,NOTINVOLVED_INVESTMENT
12273933,F8,586858.33,True,NOTINVOLVED_INVESTMENT
12314352,F7,652418.39,True,NOTINVOLVED_INVESTMENT
12343434,F50,568127.49,True,NOTINVOLVED_INVESTMENT
12347057,F72,572385.01,True,NOTINVOLVED_INVESTMENT
12356526,F16,577550.44,True,NOTINVOLVED_INVESTMENT
12394189,F67,564446.29,True,NOTINVOLVED_INVESTMENT
12400784,F75,556936.33,True,NOTINVOLVED_INVESTMENT
12455408,F38,588699.4,True,NOTINVOLVED_INVESTMENT
12456057,F4,658494.18,True,NOTINVOLVED_INVESTMENT
12497068,F9,654746.32,True,NOTINVOLVED_INVESTMENT
12506039,F6,561701.63,True,NOTINVOLVED_INVESTMENT
12605577,F66,588383.65,True,NOTINVOLVED_INVESTMENT
12650711,F37,554407.92,True,NOTINVOLVED_INVESTMENT
12674892,F52,623814.78,True,NOTINVOLVED_INVESTMENT
12847479,F61,564938.01,True,NOTINVOLVED_INVESTMENT
12881888,F62,656329.08,True,NOTINVOLVED_INVESTMENT
12925329,F28,646554.04,True,NOTINVOLVED_INVESTMENT
12963899,F33,618674.63,True,NOTINVOLVED_INVESTMENT
13000946,F76,606275.42,True,NOTINVOLVED_INVESTMENT
13040924,F23,547455.34,True,NOTINVOLVED_INVESTMENT
13057069,F26,548186.67,True,NOTINVOLVED_INVESTMENT
13076318,F27,619537.3,True,NOTINVOLVED_INVESTMENT
13077594,F56,602289.19,True,NOTINVOLVED_INVESTMENT
13093400,F57,608157.29,True,NOTINVOLVED_INVESTMENT
13099609,F13,611180.42,True,NOTINVOLVED_INVESTMENT
13126626,F21,627631.75,True,NOTINVOLVED_INVESTMENT
13127254,F40,567768.02,True,NOTINVOLVED_INVESTMENT
13173700,F31,618198.77,True,NOTINVOLVED_INVESTMENT
13200279,F14,591107.39,True,NOTINVOLVED_INVESTMENT
13215776,f2,955078.59,True,SHADOW_INVESTMENT
13237354,F19,564970.53,True,NOTINVOLVED_INVESTMENT
13248568,F69,648368.4,True,NOTINVOLVED_INVESTMENT
13269032,F17,573213.03,True,NOTINVOLVED_INVESTMENT
13275884,F68,557892.84,True,NOTINVOLVED_INVESTMENT
13280062,F41,573192.44,True,NOTINVOLVED_INVESTMENT
13299626,F53,547560.28,True,NOTINVOLVED_INVESTMENT
13308141,F63,569532.8,True,NOTINVOLVED_INVESTMENT
13315439,F70,607327.42,True,NOTINVOLVED_INVESTMENT
13374379,F1,609771.04,True,NOTINVOLVED_INVESTMENT
13410107,F29,556383.62,True,NOTINVOLVED_INVESTMENT
13421586,F64,613900.62,True,NOTINVOLVED_INVESTMENT
13509262,F0,573797.78,True,NOTINVOLVED_INVESTMENT
13548536,F65,540878.02,True,NOTINVOLVED_INVESTMENT
13579603,F45,600507.87,True,NOTINVOLVED_INVESTMENT
13596717,F74,640272.6,True,NOTINVOLVED_INVESTMENT
13597624,F22,623763.87,True,NOTINVOLVED_INVESTMENT
13597930,F39,643606.13,True,NOTINVOLVED_INVESTMENT
13633579,F42,555757.15,True,NOTINVOLVED_INVESTMENT
13676331,F59,642134.11,True,NOTINVOLVED_INVESTMENT
13684682,F48,568266.88,True,NOTINVOLVED_INVESTMENT
13696429,F79,625015.43,True,NOTINVOLVED_INVESTMENT
13714338,F73,541414.9,True,NOTINVOLVED_INVESTMENT
13720107,F43,637782.12,True,NOTINVOLVED_INVESTMENT
13726693,F25,642502.73,True,NOTINVOLVED_INVESTMENT
13799961,F58,613039.96,True,NOTINVOLVED_INVESTMENT
13800835,F49,543624.09,True,NOTINVOLVED_INVESTMENT
13908290,F51,550478.89,True,NOTINVOLVED_INVESTMENT
13925399,F78,565400.72,True,NOTINVOLVED_INVESTMENT
13990493,F30,618192.28,True,NOTINVOLVED_INVESTMENT
14086996,F5,608716.34,True,NOTINVOLVED_INVESTMENT
14094865,F44,632572.26,True,NOTINVOLVED_INVESTMENT
14100891,F20,585619.74,True,NOTINVOLVED_INVESTMENT
14178682,F34,638162.99,True,NOTINVOLVED_INVESTMENT
14180124,F15,631558.06,True,NOTINVOLVED_INVESTMENT
14348255,F2,568247.3,True,NOTINVOLVED_INVESTMENT
14365291,F32,598824.84,True,NOTINVOLVED_INVESTMENT
14380286,F10,590710.24,True,NOTINVOLVED_INVESTMENT
14405438,F72,659340.7,True,NOTINVOLVED_INVESTMENT
14457261,F46,600640.8,True,NOTINVOLVED_INVESTMENT
14496239,F71,541535.84,True,NOTINVOLVED_INVESTMENT
14532169,F8,597756.06,True,NOTINVOLVED_INVESTMENT
14613978,F3,655825.33,True,NOTINVOLVED_INVESTMENT
14626237,F77,658984.75,True,NOTINVOLVED_INVESTMENT
14633063,F4,549578.67,True,NOTINVOLVED_INVESTMENT
14665150,F24,551924.9,True,NOTINVOLVED_INVESTMENT
14702960,F75,641660.34,True,NOTINVOLVED_INVESTMENT
14737516,F60,581724.91,True,NOTINVOLVED_INVESTMENT
14785980,F36,541065.48,True,NOTINVOLVED_INVESTMENT
14790198,F55,600816.8,True,NOTINVOLVED_INVESTMENT
14893555,F47,601980.01,True,NOTINVOLVED_INVESTMENT
14913263,F26,639086.47,True,NOTINVOLVED_INVESTMENT
14947891,F37,623126.45,True,NOTINVOLVED_INVESTMENT
14953632,F38,650717.54,True,NOTINVOLVED_INVESTMENT
14956379,F35,569732.1,True,NOTINVOLVED_INVESTMENT
14974619,F50,549497.2,True,NOTINVOLVED_INVESTMENT
14990219,F18,578241.06,True,NOTINVOLVED_INVESTMENT
15045148,F16,560513.1,True,NOTINVOLVED_INVESTMENT
15066690,F12,634386.11,True,NOTINVOLVED_INVESTMENT
15091382,F14,595924.49,True,NOTINVOLVED_INVESTMENT
15156975,F17,550807.36,True,NOTINVOLVED_INVESTMENT
15189811,F6,543329.5,True,NOTINVOLVED_INVESTMENT
15192762,F76,619383.55,True,NOTINVOLVED_INVESTMENT
15216003,F63,567918.19,True,NOTINVOLVED_INVESTMENT
15227454,F57,625157.33,True,NOTINVOLVED_INVESTMENT
15280145,F27,549176.94,True,NOTINVOLVED_INVESTMENT
15285121,F64,630902.01,True,NOTINVOLVED_INVESTMENT
15296513,F66,612111.69,True,NOTINVOLVED_INVESTMENT
15382024,F11,549820.89,True,NOTINVOLVED_INVESTMENT
15437257,F54,600471.49,True,NOTINVOLVED_INVESTMENT
15517156,F21,603112.56,True,NOTINVOLVED_INVESTMENT
15551695,F7,562493.76,True,NOTINVOLVED_INVESTMENT
15567137,F67,649245.48,True,NOTINVOLVED_INVESTMENT
15594229,F74,569346.11,True,NOTINVOLVED_INVESTMENT
15594804,F33,627657.27,True,NOTINVOLVED_INVESTMENT
15602014,F62,607440.84,True,NOTINVOLVED_INVESTMENT
15625380,F31,652568.77,True,NOTINVOLVED_INVESTMENT
15652882,F65,569834.58,True,NOTINVOLVED_INVESTMENT
15658385,f3,1447444.24,True,SHADOW_INVESTMENT
15701193,F29,572190.03,True,NOTINVOLVED_INVESTMENT
15703904,F23,562631.7,True,NOTINVOLVED_INVESTMENT
15708276,F56,601040.58,True,NOTINVOLVED_INVESTMENT
15709851,F1,543760.66,True,NOTINVOLVED_INVESTMENT
15798349,F9,581546.16,True,NOTINVOLVED_INVESTMENT
15801668,F13,614766.53,True,NOTINVOLVED_INVESTMENT
15835341,F43,548539.84,True,NOTINVOLVED_INVESTMENT
15860713,F19,542890.65,True,NOTINVOLVED_INVESTMENT
15868410,F53,544655.76,True,NOTINVOLVED_INVESTMENT
15904959,F0,652365.19,True,NOTINVOLVED_INVESTMENT
15928134,F69,659182.8,True,NOTINVOLVED_INVESTMENT
15947811,F40,648218.08,True,NOTINVOLVED_INVESTMENT
15949638,F20,567634.85,True,NOTINVOLVED_INVESTMENT
15956637,F30,582923.0,True,NOTINVOLVED_INVESTMENT
15965794,F52,616477.14,True,NOTINVOLVED_INVESTMENT
15999956,F28,598661.18,True,NOTINVOLVED_INVESTMENT
16007799,F41,625237.74,True,NOTINVOLVED_INVESTMENT
16061303,F59,619805.17,True,NOTINVOLVED_INVESTMENT
16079862,F48,609645.17,True,NOTINVOLVED_INVESTMENT
16085805,F61,597618.2,True,NOTINVOLVED_INVESTMENT
16237864,F49,647278.23,True,NOTINVOLVED_INVESTMENT
16244096,F22,551633.01,True,NOTINVOLVED_INVESTMENT
16246400,F70,649124.34,True,NOTINVOLVED_INVESTMENT
16331985,F68,558620.26,True,NOTINVOLVED_INVESTMENT
16365299,F5,635886.94,True,NOTINVOLVED_INVESTMENT
16376737,F39,565328.29,True,NOTINVOLVED_INVESTMENT
16411792,F2,558979.79,True,NOTINVOLVED_INVESTMENT
16476639,F51,557810.03,True,NOTINVOLVED_INVESTMENT
16517532,F42,584037.33,True,NOTINVOLVED_INVESTMENT
16553147,F75,585954.34,True,NOTINVOLVED_INVESTMENT
16631333,F45,628404.35,True,NOTINVOLVED_INVESTMENT
16634922,F78,633884.74,True,NOTINVOLVED_INVESTMENT
16691588,F73,610222.54,True,NOTINVOLVED_INVESTMENT
16727374,F8,618743.55,True,NOTINVOLVED_INVESTMENT
16728126,F58,613103.16,True,NOTINVOLVED_INVESTMENT
16771825,F15,657156.8,True,NOTINVOLVED_INVESTMENT
16883915,F38,612393.61,True,NOTINVOLVED_INVESTMENT
16967873,F79,644354.87,True,NOTINVOLVED_INVESTMENT
17009625,F25,659692.03,True,NOTINVOLVED_INVESTMENT
17023234,F18,575616.62,True,NOTINVOLVED_INVESTMENT
17034302,F35,606196.35,True,NOTINVOLVED_INVESTMENT
17055307,F50,603749.63,True,NOTINVOLVED_INVESTMENT
17068721,F32,601276.97,True,NOTINVOLVED_INVESTMENT
17089064,F16,647317.47,True,NOTINVOLVED_INVESTMENT
17116193,F34,540759.36,True,NOTINVOLVED_INVESTMENT
17127129,F55,630333.04,True,NOTINVOLVED_INVESTMENT
17128418,F4,641248.29,True,NOTINVOLVED_INVESTMENT
17131843,F44,551910.91,True,NOTINVOLVED_INVESTMENT
17132931,F27,544492.46,True,NOTINVOLVED_INVESTMENT
17142555,F46,651410.69,True,NOTINVOLVED_INVESTMENT
17314739,F37,652535.56,True,NOTINVOLVED_INVESTMENT
17319006,F47,646844.48,True,NOTINVOLVED_INVESTMENT
17520382,F71,562112.42,True,NOTINVOLVED_INVESTMENT
17553559,F10,561589.55,True,NOTINVOLVED_INVESTMENT
17607462,F76,656583.5,True,NOTINVOLVED_INVESTMENT
17626143,F26,557848.49,True,NOTINVOLVED_INVESTMENT
17632887,F17,590991.98,True,NOTINVOLVED_INVESTMENT
17639101,F3,558713.55,True,NOTINVOLVED_INVESTMENT
17680796,F9,653006.6,True,NOTINVOLVED_INVESTMENT
17683324,F14,540638.74,True,NOTINVOLVED_INVESTMENT
17704827,F66,592071.09,True,NOTINVOLVED_INVESTMENT
17757445,F72,563391.95,True,NOTINVOLVED_INVESTMENT
17788217,F64,632586.39,True,NOTINVOLVED_INVESTMENT
17798265,F21,652704.9,True,NOTINVOLVED_INVESTMENT
17813717,F24,624853.82,True,NOTINVOLVED_INVESTMENT
17858801,F77,642548.12,True,NOTINVOLVED_INVESTMENT
17981781,F43,599166.13,True,NOTINVOLVED_INVESTMENT
18018424,F19,633209.23,True,NOTINVOLVED_INVESTMENT
18025771,F36,572335.68,True,NOTINVOLVED_INVESTMENT
18033099,F60,561274.56,True,NOTINVOLVED_INVESTMENT
18039174,F1,545684.78,True,NOTINVOLVED_INVESTMENT
18107065,F33,541370.92,True,NOTINVOLVED_INVESTMENT
18146968,F6,587482.28,True,NOTINVOLVED_INVESTMENT
18150333,F11,552769.92,True,NOTINVOLVED_INVESTMENT
18187434,F57,580308.79,True,NOTINVOLVED_INVESTMENT
18198673,F40,553251.21,True,NOTINVOLVED_INVESTMENT
18250485,F20,578159.01,True,NOTINVOLVED_INVESTMENT
18255071,F41,608956.95,True,NOTINVOLVED_INVESTMENT
18278902,F69,599402.93,True,NOTINVOLVED_INVESTMENT
18375991,F31,618799.96,True,NOTINVOLVED_INVESTMENT
18384015,F63,566011.88,True,NOTINVOLVED_INVESTMENT
18394209,F30,581021.28,True,NOTINVOLVED_INVESTMENT
18397850,F29,607411.52,True,NOTINVOLVED_INVESTMENT
18399194,F39,657413.64,True,NOTINVOLVED_INVESTMENT
18410412,F5,595338.77,True,NOTINVOLVED_INVESTMENT
18444030,F12,642301.62,True,NOTINVOLVED_INVESTMENT
18540995,F54,605288.67,True,NOTINVOLVED_INVESTMENT
18575852,F7,649983.08,True,NOTINVOLVED_INVESTMENT
18628207,F65,637885.0,True,NOTINVOLVED_INVESTMENT
18628454,F53,639175.24,True,NOTINVOLVED_INVESTMENT
18639002,F74,618493.76,True,NOTINVOLVED_INVESTMENT
18647627,F61,657808.34,True,NOTINVOLVED_INVESTMENT
18668447,F42,592020.95,True,NOTINVOLVED_INVESTMENT
18670712,F51,654768.64,True,NOTINVOLVED_INVESTMENT
18675129,F75,584459.5,True,NOTINVOLVED_INVESTMENT
18707663,F0,568706.13,True,NOTINVOLVED_INVESTMENT
18715828,F56,649544.51,True,NOTINVOLVED_INVESTMENT
18746267,F59,547460.88,True,NOTINVOLVED_INVESTMENT
18761705,F23,556329.68,True,NOTINVOLVED_INVESTMENT
18828768,F28,630917.36,True,NOTINVOLVED_INVESTMENT
18846248,F48,544865.68,True,NOTINVOLVED_INVESTMENT
18865466,F70,643378.17,True,NOTINVOLVED_INVESTMENT
18884816,F62,613951.03,True,NOTINVOLVED_INVESTMENT
18892532,F13,588320.3,True,NOTINVOLVED_INVESTMENT
18917232,F49,543769.23,True,NOTINVOLVED_INVESTMENT
18977374,F67,627547.6,True,NOTINVOLVED_INVESTMENT
19000247,F25,641917.74,True,NOTINVOLVED_INVESTMENT
19137343,F78,632645.11,True,NOTINVOLVED_INVESTMENT
19154092,F22,564965.44,True,NOTINVOLVED_INVESTMENT
19200663,F8,629852.7,True,NOTINVOLVED_INVESTMENT
19251906,F46,564428.49,True,NOTINVOLVED_INVESTMENT
19265444,F35,560911.55,True,NOTINVOLVED_INVESTMENT
19278161,F2,645243.81,True,NOTINVOLVED_INVESTMENT
19308044,F79,577270.13,True,NOTINVOLVED_INVESTMENT
19309319,F38,610720.86,True,NOTINVOLVED_INVESTMENT
19312235,F68,639426.98,True,NOTINVOLVED_INVESTMENT
19350272,F52,554750.94,True,NOTINVOLVED_INVESTMENT
19354154,F55,623674.21,True,NOTINVOLVED_INVESTMENT
19366666,F34,591649.25,True,NOTINVOLVED_INVESTMENT
19386880,F73,606886.63,True,NOTINVOLVED_INVESTMENT
19423782,F58,552703.93,True,NOTINVOLVED_INVESTMENT
19471416,F44,593239.31,True,NOTINVOLVED_INVESTMENT
19482731,F3,596181.88,True,NOTINVOLVED_INVESTMENT
19486067,F76,636802.31,True,NOTINVOLVED_INVESTMENT
19546259,F37,544361.13,True,NOTINVOLVED_INVESTMENT
19655513,F72,594656.59,True,NOTINVOLVED_INVESTMENT
19671902,F45,592259.02,True,NOTINVOLVED_INVESTMENT
19768950,F47,641063.4,True,NOTINVOLVED_INVESTMENT
19949208,F21,639080.51,True,NOTINVOLVED_INVESTMENT
20036955,F16,547185.62,True,NOTINVOLVED_INVESTMENT
20044466,F10,581916.72,True,NOTINVOLVED_INVESTMENT
20076207,F4,625273.67,True,NOTINVOLVED_INVESTMENT
20096261,F15,591445.73,True,NOTINVOLVED_INVESTMENT
20119642,F27,637129.3,True,NOTINVOLVED_INVESTMENT
20122509,F50,647196.01,True,NOTINVOLVED_INVESTMENT
20168786,F57,638388.81,True,NOTINVOLVED_INVESTMENT
20211602,F32,571797.42,True,NOTINVOLVED_INVESTMENT
20233680,F17,562816.95,True,NOTINVOLVED_INVESTMENT
20335085,F31,553391.37,True,NOTINVOLVED_INVESTMENT
20357481,F60,620810.92,True,NOTINVOLVED_INVESTMENT
20382576,F1,594000.34,True,NOTINVOLVED_INVESTMENT
20416221,F64,649517.76,True,NOTINVOLVED_INVESTMENT
20417601,F18,549417.97,True,NOTINVOLVED_INVESTMENT
20430543,F33,624073.21,True,NOTINVOLVED_INVESTMENT
20439486,F14,591053.42,True,NOTINVOLVED_INVESTMENT
20489555,F20,588307.5,True,NOTINVOLVED_INVESTMENT
20518901,F26,566696.67,True,NOTINVOLVED_INVESTMENT
20533096,F66,600775.41,True,NOTINVOLVED_INVESTMENT
20545846,F29,578404.83,True,NOTINVOLVED_INVESTMENT
20622293,F11,648468.2,True,NOTINVOLVED_INVESTMENT
20670896,F12,599768.26,True,NOTINVOLVED_INVESTMENT
20671076,F77,588215.76,True,NOTINVOLVED_INVESTMENT
20775793,F71,632287.55,True,NOTINVOLVED_INVESTMENT
20838004,F19,646653.59,True,NOTINVOLVED_INVESTMENT
20856676,F9,656848.73,True,NOTINVOLVED_INVESTMENT
20863854,F65,652168.28,True,NOTINVOLVED_INVESTMENT
20882445,F61,655930.06,True,NOTINVOLVED_INVESTMENT
20890318,f4,733896.43,True,SHADOW_INVESTMENT
20918262,F24,585151.81,True,NOTINVOLVED_INVESTMENT
20996116,F0,637834.4,True,NOTINVOLVED_INVESTMENT
21043894,F54,559935.97,True,NOTINVOLVED_INVESTMENT
21110673,F56,595527.65,True,NOTINVOLVED_INVESTMENT
21140254,F69,642791.12,True,NOTINVOLVED_INVESTMENT
21144135,F40,651587.35,True,NOTINVOLVED_INVESTMENT
21181849,F41,627635.45,True,NOTINVOLVED_INVESTMENT
21182152,F30,610006.22,True,NOTINVOLVED_INVESTMENT
21187087,F6,612507.62,True,NOTINVOLVED_INVESTMENT
21203608,F67,594476.43,True,NOTINVOLVED_INVESTMENT
21286089,F74,630720.22,True,NOTINVOLVED_INVESTMENT
21286981,F43,622576.28,True,NOTINVOLVED_INVESTMENT
21294745,F78,605019.28,True,NOTINVOLVED_INVESTMENT
21316967,F23,653333.82,True,NOTINVOLVED_INVESTMENT
21322324,F36,655601.43,True,NOTINVOLVED_INVESTMENT
21324281,F38,575102.84,True,NOTINVOLVED_INVESTMENT
21324700,F13,644688.49,True,NOTINVOLVED_INVESTMENT
21368232,F39,584609.44,True,NOTINVOLVED_INVESTMENT
21404238,F3,559830.16,True,NOTINVOLVED_INVESTMENT
21410838,F46,572031.94,True,NOTINVOLVED_INVESTMENT
21426308,F63,540449.6,True,NOTINVOLVED_INVESTMENT
21442733,F59,559949.74,True,NOTINVOLVED_INVESTMENT
21472328,F48,644148.3,True,NOTINVOLVED_INVESTMENT
21477411,F70,541746.98,True,NOTINVOLVED_INVESTMENT
21495991,F68,618876.8,True,NOTINVOLVED_INVESTMENT
21559534,F35,652784.02,True,NOTINVOLVED_INVESTMENT
21610957,F22,572792.05,True,NOTINVOLVED_INVESTMENT
21627405,F55,624624.36,True,NOTINVOLVED_INVESTMENT
21655797,F75,575406.74,True,NOTINVOLVED_INVESTMENT
21674062,F7,596216.21,True,NOTINVOLVED_INVESTMENT
21738138,F5,619768.74,True,NOTINVOLVED_INVESTMENT
21825863,F42,540593.46,True,NOTINVOLVED_INVESTMENT
21837408,F62,602829.37,True,NOTINVOLVED_INVESTMENT
21846984,F51,641376.1,True,NOTINVOLVED_INVESTMENT
21880619,F2,635202.63,True,NOTINVOLVED_INVESTMENT
21900836,F53,570529.29,True,NOTINVOLVED_INVESTMENT
21966088,F15,550619.79,True,NOTINVOLVED_INVESTMENT
21980434,F37,557660.58,True,NOTINVOLVED_INVESTMENT
21982054,F34,637521.75,True,NOTINVOLVED_INVESTMENT
22018000,F44,588133.33,True,NOTINVOLVED_INVESTMENT
22029616,F25,598368.76,True,NOTINVOLVED_INVESTMENT
22050190,F49,630140.09,True,NOTINVOLVED_INVESTMENT
22053235,F28,630724.71,True,NOTINVOLVED_INVESTMENT
22129762,F27,598707.49,True,NOTINVOLVED_INVESTMENT
22137329,F76,641880.72,True,NOTINVOLVED_INVESTMENT
22252243,F32,634474.63,True,NOTINVOLVED_INVESTMENT
22333060,F73,553992.44,True,NOTINVOLVED_INVESTMENT
22361381,F79,559902.62,True,NOTINVOLVED_INVESTMENT
22431555,F57,570205.1,True,NOTINVOLVED_INVESTMENT
22452676,F52,592184.42,True,NOTINVOLVED_INVESTMENT
22486886,F16,638171.48,True,NOTINVOLVED_INVESTMENT
22498282,F26,563461.42,True,NOTINVOLVED_INVESTMENT
22514369,F8,544167.76,True,NOTINVOLVED_INVESTMENT
22611362,F17,582540.67,True,NOTINVOLVED_INVESTMENT
22615212,F10,606738.51,True,NOTINVOLVED_INVESTMENT
22615526,F45,646528.57,True,NOTINVOLVED_INVESTMENT
22680069,F1,634276.25,True,NOTINVOLVED_INVESTMENT
22699714,F9,610731.91,True,NOTINVOLVED_INVESTMENT
22734302,F72,572826.54,True,NOTINVOLVED_INVESTMENT
22739303,F58,642872.7,True,NOTINVOLVED_INVESTMENT
22756833,F50,571288.67,True,NOTINVOLVED_INVESTMENT
22769402,F18,585876.91,True,NOTINVOLVED_INVESTMENT
22796290,F21,622210.52,True,NOTINVOLVED_INVESTMENT
22835463,F4,618099.35,True,NOTINVOLVED_INVESTMENT
22848492,F64,623180.7,True,NOTINVOLVED_INVESTMENT
23018360,F66,627027.72,True,NOTINVOLVED_INVESTMENT
23024867,F20,564224.14,True,NOTINVOLVED_INVESTMENT
23116306,F24,580493.76,True,NOTINVOLVED_INVESTMENT
23121482,F11,614546.44,True,NOTINVOLVED_INVESTMENT
23134557,F47,619488.22,True,NOTINVOLVED_INVESTMENT
23139781,F69,598324.69,True,NOTINVOLVED_INVESTMENT
23213510,F54,628565.62,True,NOTINVOLVED_INVESTMENT
23271235,F29,613761.7,True,NOTINVOLVED_INVESTMENT
23289067,F60,634486.91,True,NOTINVOLVED_INVESTMENT
23293449,F14,612156.72,True,NOTINVOLVED_INVESTMENT
23341573,F41,543298.85,True,NOTINVOLVED_INVESTMENT
23360849,F43,634889.26,True,NOTINVOLVED_INVESTMENT
23412931,F0,550936.09,True,NOTINVOLVED_INVESTMENT
23429259,f2,816816.33,True,SHADOW_INVESTMENT
23440855,F31,639712.33,True,NOTINVOLVED_INVESTMENT
23502785,F40,613581.49,True,NOTINVOLVED_INVESTMENT
23528607,F46,581763.86,True,NOTINVOLVED_INVESTMENT
23586914,F38,558382.39,True,NOTINVOLVED_INVESTMENT
23593667,F33,591003.3,True,NOTINVOLVED_INVESTMENT
23699881,F23,546739.88,True,NOTINVOLVED_INVESTMENT
23722313,F36,571188.72,True,NOTINVOLVED_INVESTMENT
23774253,F71,600591.24,True,NOTINVOLVED_INVESTMENT
23822064,F67,574928.63,True,NOTINVOLVED_INVESTMENT
23850053,F61,590365.94,True,NOTINVOLVED_INVESTMENT
23878584,F19,568981.28,True,NOTINVOLVED_INVESTMENT
23922018,F65,618795.06,True,NOTINVOLVED_INVESTMENT
23936180,F12,647431.95,True,NOTINVOLVED_INVESTMENT
23964700,F77,567044.35,True,NOTINVOLVED_INVESTMENT
23996031,F13,572356.14,True,NOTINVOLVED_INVESTMENT
24010130,F22,628922.57,True,NOTINVOLVED_INVESTMENT
24037123,F59,601391.51,True,NOTINVOLVED_INVESTMENT
24037517,F51,566663.25,True,NOTINVOLVED_INVESTMENT
24046907,F44,623348.79,True,NOTINVOLVED_INVESTMENT
24088548,F49,650926.39,True,NOTINVOLVED_INVESTMENT
24122666,F25,625749.98,True,NOTINVOLVED_INVESTMENT
24147732,F55,644006.07,True,NOTINVOLVED_INVESTMENT
24172959,F6,588936.64,True,NOTINVOLVED_INVESTMENT
24196995,F3,637568.75,True,NOTINVOLVED_INVESTMENT
24215347,F37,603939.39,True,NOTINVOLVED_INVESTMENT
24263181,F78,541478.7,True,NOTINVOLVED_INVESTMENT
24269855,F34,606445.92,True,NOTINVOLVED_INVESTMENT
24271073,F30,571474.47,True,NOTINVOLVED_INVESTMENT
24277752,F63,609029.32,True,NOTINVOLVED_INVESTMENT
24295717,F48,621384.04,True,NOTINVOLVED_INVESTMENT
24315076,f4,821782.78,True,SHADOW_INVESTMENT
24383793,F39,551491.07,True,NOTINVOLVED_INVESTMENT
24444315,F56,613393.07,True,NOTINVOLVED_INVESTMENT
24463696,F68,597428.83,True,NOTINVOLVED_INVESTMENT
24464464,F32,555530.76,True,NOTINVOLVED_INVESTMENT
24488494,F79,615923.29,True,NOTINVOLVED_INVESTMENT
24522329,F70,550942.96,True,NOTINVOLVED_INVESTMENT
24528606,F75,599130.57,True,NOTINVOLVED_INVESTMENT
24538162,F7,641641.16,True,NOTINVOLVED_INVESTMENT
24547524,F73,623270.51,True,NOTINVOLVED_INVESTMENT
24626920,F52,566882.27,True,NOTINVOLVED_INVESTMENT
24683193,F74,653130.88,True,NOTINVOLVED_INVESTMENT
24780760,F26,610735.78,True,NOTINVOLVED_INVESTMENT
24794292,F35,629697.34,True,NOTINVOLVED_INVESTMENT
24816048,F28,571559.83,True,NOTINVOLVED_INVESTMENT
24848967,F15,588856.55,True,NOTINVOLVED_INVESTMENT
24865716,F76,604285.88,True,NOTINVOLVED_INVESTMENT
24976036,F24,614020.36,True,NOTINVOLVED_INVESTMENT
25060732,F58,630430.81,True,NOTINVOLVED_INVESTMENT
25115196,F5,611239.65,True,NOTINVOLVED_INVESTMENT
25146105,F27,612643.38,True,NOTINVOLVED_INVESTMENT
25184033,F62,586277.2,True,NOTINVOLVED_INVESTMENT
25184693,F45,608965.77,True,NOTINVOLVED_INVESTMENT
25191520,F21,621146.45,True,NOTINVOLVED_INVESTMENT
25201130,F42,589653.15,True,NOTINVOLVED_INVESTMENT
25215593,F20,600517.71,True,NOTINVOLVED_INVESTMENT
25226946,F54,623037.48,True,NOTINVOLVED_INVESTMENT
25234786,F9,625768.53,True,NOTINVOLVED_INVESTMENT
25266343,F16,560616.1,True,NOTINVOLVED_INVESTMENT
25268549,F53,631458.68,True,NOTINVOLVED_INVESTMENT
25272904,F2,566960.05,True,NOTINVOLVED_INVESTMENT
25288879,F29,628345.89,True,NOTINVOLVED_INVESTMENT
25353449,F1,623100.99,True,NOTINVOLVED_INVESTMENT
25377122,F50,592947.42,True,NOTINVOLVED_INVESTMENT
25411072,F14,576641.89,True,NOTINVOLVED_INVESTMENT
25445332,F57,640025.53,True,NOTINVOLVED_INVESTMENT
25561688,F18,554448.24,True,NOTINVOLVED_INVESTMENT
25617027,F64,626339.49,True,NOTINVOLVED_INVESTMENT
25660070,F17,542577.78,True,NOTINVOLVED_INVESTMENT
25670890,F8,644890.19,True,NOTINVOLVED_INVESTMENT
25718137,F40,572466.83,True,NOTINVOLVED_INVESTMENT
25731858,F72,606583.75,True,NOTINVOLVED_INVESTMENT
25738450,F11,544215.12,True,NOTINVOLVED_INVESTMENT
25769635,F10,655650.22,True,NOTINVOLVED_INVESTMENT
25801785,F43,580163.45,True,NOTINVOLVED_INVESTMENT
25809139,F69,576849.49,True,NOTINVOLVED_INVESTMENT
25846189,F77,635507.0,True,NOTINVOLVED_INVESTMENT
25920179,F66,659390.56,True,NOTINVOLVED_INVESTMENT
25933913,f2,766002.62,True,SHADOW_INVESTMENT
25944518,F22,574671.29,True,NOTINVOLVED_INVESTMENT
25955023,F38,592627.1,True,NOTINVOLVED_INVESTMENT
25968708,F51,583129.22,True,NOTINVOLVED_INVESTMENT
25994260,F61,540198.83,True,NOTINVOLVED_INVESTMENT
26119975,F47,619878.76,True,NOTINVOLVED_INVESTMENT
26121848,F78,658901.7,True,NOTINVOLVED_INVESTMENT
26146150,F49,640359.33,True,NOTINVOLVED_INVESTMENT
26154070,F33,548094.91,True,NOTINVOLVED_INVESTMENT
26168870,F4,556559.26,True,NOTINVOLVED_INVESTMENT
26174133,F25,573089.37,True,NOTINVOLVED_INVESTMENT
26207189,F65,541797.23,True,NOTINVOLVED_INVESTMENT
26266031,F13,593844.42,True,NOTINVOLVED_INVESTMENT
26282609,F59,598548.37,True,NOTINVOLVED_INVESTMENT
26320272,F0,643028.69,True,NOTINVOLVED_INVESTMENT
26334702,F6,557867.73,True,NOTINVOLVED_INVESTMENT
26367110,F3,607296.54,True,NOTINVOLVED_INVESTMENT
26375187,F60,551156.56,True,NOTINVOLVED_INVESTMENT
26421416,F41,621351.94,True,NOTINVOLVED_INVESTMENT
26465385,F68,606769.53,True,NOTINVOLVED_INVESTMENT
26528759,F31,615819.9,True,NOTINVOLVED_INVESTMENT
26540652,F70,612007.88,True,NOTINVOLVED_INVESTMENT
26566981,F23,632508.74,True,NOTINVOLVED_INVESTMENT
26569461,F46,563930.63,True,NOTINVOLVED_INVESTMENT
26643597,F71,593075.69,True,NOTINVOLVED_INVESTMENT
26664766,F36,625639.78,True,NOTINVOLVED_INVESTMENT
26671408,f2,630688.07,True,SHADOW_INVESTMENT
26758130,F67,626317.26,True,NOTINVOLVED_INVESTMENT
26852091,F19,553391.96,True,NOTINVOLVED_INVESTMENT
26854820,F34,608810.02,True,NOTINVOLVED_INVESTMENT
26986502,F30,548453.91,True,NOTINVOLVED_INVESTMENT
26986738,F37,632093.78,True,NOTINVOLVED_INVESTMENT
26992595,F35,557791.48,True,NOTINVOLVED_INVESTMENT
26997246,F56,594419.47,True,NOTINVOLVED_INVESTMENT
26997351,F44,659656.7,True,NOTINVOLVED_INVESTMENT
27036054,F76,614081.03,True,NOTINVOLVED_INVESTMENT
27079454,F42,611274.89,True,NOTINVOLVED_INVESTMENT
27083693,F39,601498.83,True,NOTINVOLVED_INVESTMENT
27086358,F5,652776.39,True,NOTINVOLVED_INVESTMENT
27101443,F79,653095.38,True,NOTINVOLVED_INVESTMENT
27208596,F74,540835.21,True,NOTINVOLVED_INVESTMENT
27209586,F52,613091.76,True,NOTINVOLVED_INVESTMENT
27236367,F7,619811.81,True,NOTINVOLVED_INVESTMENT
27248971,F53,559729.11,True,NOTINVOLVED_INVESTMENT
27305472,F12,559072.94,True,NOTINVOLVED_INVESTMENT
27371728,F75,586550.74,True,NOTINVOLVED_INVESTMENT
27395847,F73,624815.69,True,NOTINVOLVED_INVESTMENT
27416010,F9,645958.65,True,NOTINVOLVED_INVESTMENT
27444132,F55,637444.76,True,NOTINVOLVED_INVESTMENT
27454564,F2,542571.86,True,NOTINVOLVED_INVESTMENT
27584137,F27,635122.89,True,NOTINVOLVED_INVESTMENT
27589469,F24,611983.03,True,NOTINVOLVED_INVESTMENT
27590252,F63,592859.89,True,NOTINVOLVED_INVESTMENT
27591988,F48,559234.58,True,NOTINVOLVED_INVESTMENT
27643655,F32,553237.63,True,NOTINVOLVED_INVESTMENT
27688662,F58,607994.07,True,NOTINVOLVED_INVESTMENT
27725148,F54,648214.2,True,NOTINVOLVED_INVESTMENT
27739667,F40,545409.09,True,NOTINVOLVED_INVESTMENT
27794732,F45,551897.55,True,NOTINVOLVED_INVESTMENT
27824614,F26,634432.35,True,NOTINVOLVED_INVESTMENT
27836464,F10,647099.59,True,NOTINVOLVED_INVESTMENT
27868326,F15,598522.33,True,NOTINVOLVED_INVESTMENT
27871610,F20,614129.93,True,NOTINVOLVED_INVESTMENT
27879859,F50,564273.73,True,NOTINVOLVED_INVESTMENT
27900244,F8,551993.58,True,NOTINVOLVED_INVESTMENT
27926815,F16,621696.71,True,NOTINVOLVED_INVESTMENT
27965832,F21,551723.21,True,NOTINVOLVED_INVESTMENT
27972076,F28,579957.0,True,NOTINVOLVED_INVESTMENT
28009132,F49,642293.43,True,NOTINVOLVED_INVESTMENT
28049559,F1,655035.08,True,NOTINVOLVED_INVESTMENT
28079850,F57,556336.76,True,NOTINVOLVED_INVESTMENT
28186875,F43,611248.96,True,NOTINVOLVED_INVESTMENT
28242870,F66,642862.57,True,NOTINVOLVED_INVESTMENT
28292387,F0,587885.42,True,NOTINVOLVED_INVESTMENT
28343307,F69,566074.6,True,NOTINVOLVED_INVESTMENT
28369182,F18,613371.15,True,NOTINVOLVED_INVESTMENT
28384977,F78,651142.63,True,NOTINVOLVED_INVESTMENT
28392511,F62,657374.13,True,NOTINVOLVED_INVESTMENT
28433296,F38,547160.71,True,NOTINVOLVED_INVESTMENT
28450134,F46,623887.03,True,NOTINVOLVED_INVESTMENT
28458031,F77,548723.87,True,NOTINVOLVED_INVESTMENT
28526637,F29,547941.13,True,NOTINVOLVED_INVESTMENT
28581846,F51,625020.75,True,NOTINVOLVED_INVESTMENT
28588533,F11,620351.32,True,NOTINVOLVED_INVESTMENT
28612234,F6,628007.81,True,NOTINVOLVED_INVESTMENT
28621473,F68,602757.6,True,NOTINVOLVED_INVESTMENT
28637471,F36,652510.19,True,NOTINVOLVED_INVESTMENT
28716300,F17,578690.89,True,NOTINVOLVED_INVESTMENT
28727170,F4,544481.47,True,NOTINVOLVED_INVESTMENT
28732224,F71,605820.6,True,NOTINVOLVED_INVESTMENT
28805191,F14,600507.78,True,NOTINVOLVED_INVESTMENT
28827225,F22,607733.42,True,NOTINVOLVED_INVESTMENT
28836882,F72,590105.73,True,NOTINVOLVED_INVESTMENT
28862901,F60,569783.56,True,NOTINVOLVED_INVESTMENT
28906249,F44,607817.88,True,NOTINVOLVED_INVESTMENT
28944680,F64,602291.06,True,NOTINVOLVED_INVESTMENT
28960415,F39,617488.31,True,NOTINVOLVED_INVESTMENT
28997022,F79,540790.51,True,NOTINVOLVED_INVESTMENT
28998667,F30,635305.8,True,NOTINVOLVED_INVESTMENT
28999540,F35,561368.61,True,NOTINVOLVED_INVESTMENT
29003627,f1,863626.52,True,SHADOW_INVESTMENT
29010585,F31,552226.92,True,NOTINVOLVED_INVESTMENT
29082533,F33,544984.1,True,NOTINVOLVED_INVESTMENT
29204219,F41,625540.34,True,NOTINVOLVED_INVESTMENT
29257130,F19,561131.72,True,NOTINVOLVED_INVESTMENT
29285030,F56,563511.81,True,NOTINVOLVED_INVESTMENT
29295090,F65,653237.94,True,NOTINVOLVED_INVESTMENT
29319389,F61,654654.18,True,NOTINVOLVED_INVESTMENT
29400038,F74,570768.35,True,NOTINVOLVED_INVESTMENT
29402283,F34,612000.8,True,NOTINVOLVED_INVESTMENT
29458814,F13,624538.99,True,NOTINVOLVED_INVESTMENT
29460025,F67,646699.5,True,NOTINVOLVED_INVESTMENT
29470740,F7,645442.83,True,NOTINVOLVED_INVESTMENT
29475321,F47,658411.31,True,NOTINVOLVED_INVESTMENT
29508850,F3,598551.81,True,NOTINVOLVED_INVESTMENT
29513135,F25,568597.59,True,NOTINVOLVED_INVESTMENT
29656682,F59,558105.06,True,NOTINVOLVED_INVESTMENT
29694337,F37,639460.51,True,NOTINVOLVED_INVESTMENT
29694864,F23,573537.88,True,NOTINVOLVED_INVESTMENT
29727714,F5,655149.58,True,NOTINVOLVED_INVESTMENT
29735129,F53,560319.03,True,NOTINVOLVED_INVESTMENT
29740924,F76,553394.21,True,NOTINVOLVED_INVESTMENT
29745598,F20,562815.01,True,NOTINVOLVED_INVESTMENT
29798599,F15,595990.29,True,NOTINVOLVED_INVESTMENT
29900775,F70,636005.07,True,NOTINVOLVED_INVESTMENT
29908236,F52,556955.02,True,NOTINVOLVED_INVESTMENT
29915793,F26,611348.46,True,NOTINVOLVED_INVESTMENT
29923024,F63,573197.56,True,NOTINVOLVED_INVESTMENT
29955724,F10,626993.11,True,NOTINVOLVED_INVESTMENT
29976918,F40,606014.33,True,NOTINVOLVED_INVESTMENT
29984610,F27,607185.4,True,NOTINVOLVED_INVESTMENT
30011762,F42,614873.53,True,NOTINVOLVED_INVESTMENT
30080071,F48,578850.76,True,NOTINVOLVED_INVESTMENT
30286079,F57,637566.85,True,NOTINVOLVED_INVESTMENT
30302012,F24,551076.84,True,NOTINVOLVED_INVESTMENT
30325785,F66,568913.63,True,NOTINVOLVED_INVESTMENT
30347962,F12,609699.56,True,NOTINVOLVED_INVESTMENT
30434719,F2,598569.81,True,NOTINVOLVED_INVESTMENT
30482716,F50,572882.41,True,NOTINVOLVED_INVESTMENT
30514754,F75,565362.83,True,NOTINVOLVED_INVESTMENT
30537043,F29,610009.84,True,NOTINVOLVED_INVESTMENT
30539551,F43,560024.24,True,NOTINVOLVED_INVESTMENT
30574176,F9,578137.0,True,NOTINVOLVED_INVESTMENT
30579633,F45,618493.66,True,NOTINVOLVED_INVESTMENT
30601693,F69,587530.47,True,NOTINVOLVED_INVESTMENT
30641307,F17,567899.29,True,NOTINVOLVED_INVESTMENT
30658998,F55,631750.88,True,NOTINVOLVED_INVESTMENT
30670331,F1,569509.52,True,NOTINVOLVED_INVESTMENT
30698761,F58,558653.63,True,NOTINVOLVED_INVESTMENT
30705278,F73,632069.71,True,NOTINVOLVED_INVESTMENT
30722473,F71,600879.68,True,NOTINVOLVED_INVESTMENT
30735593,F36,616114.93,True,NOTINVOLVED_INVESTMENT
30743881,F46,638170.86,True,NOTINVOLVED_INVESTMENT
30765467,F8,563326.77,True,NOTINVOLVED_INVESTMENT
30780825,F4,601759.65,True,NOTINVOLVED_INVESTMENT
30858532,F31,578776.06,True,NOTINVOLVED_INVESTMENT
30897861,F0,618063.61,True,NOTINVOLVED_INVESTMENT
30950269,F54,573450.37,True,NOTINVOLVED_INVESTMENT
30968041,F30,573852.46,True,NOTINVOLVED_INVESTMENT
30973905,F6,654901.88,True,NOTINVOLVED_INVESTMENT
30987011,F79,587169.97,True,NOTINVOLVED_INVESTMENT
30993435,F18,643764.0,True,NOTINVOLVED_INVESTMENT
30998099,F49,607638.21,True,NOTINVOLVED_INVESTMENT
31019669,F32,595055.35,True,NOTINVOLVED_INVESTMENT
31048187,F62,635812.64,True,NOTINVOLVED_INVESTMENT
31128280,F16,645276.52,True,NOTINVOLVED_INVESTMENT
31170899,F77,592502.55,True,NOTINVOLVED_INVESTMENT
31178015,F35,588429.13,True,NOTINVOLVED_INVESTMENT
31221895,f0,648640.96,True,SHADOW_INVESTMENT
31241174,F64,598171.84,True,NOTINVOLVED_INVESTMENT
31244338,F28,624282.08,True,NOTINVOLVED_INVESTMENT
31248489,F78,593018.89,True,NOTINVOLVED_INVESTMENT
31317113,F21,586451.79,True,NOTINVOLVED_INVESTMENT
31491895,F47,584979.11,True,NOTINVOLVED_INVESTMENT
31502674,F68,580222.45,True,NOTINVOLVED_INVESTMENT
31508029,F51,545586.1,True,NOTINVOLVED_INVESTMENT
31522565,F61,647897.6,True,NOTINVOLVED_INVESTMENT
31555379,F22,553193.25,True,NOTINVOLVED_INVESTMENT
31589146,F38,640377.02,True,NOTINVOLVED_INVESTMENT
31589589,F7,561972.39,True,NOTINVOLVED_INVESTMENT
31601802,F33,556134.0,True,NOTINVOLVED_INVESTMENT
31643369,F72,565716.94,True,NOTINVOLVED_INVESTMENT
31672654,F60,595552.14,True,NOTINVOLVED_INVESTMENT
31682118,F20,633632.1,True,NOTINVOLVED_INVESTMENT
31872279,F11,634294.53,True,NOTINVOLVED_INVESTMENT
31876518,F19,555006.42,True,NOTINVOLVED_INVESTMENT
31894091,F15,657721.11,True,NOTINVOLVED_INVESTMENT
31905360,F14,588741.75,True,NOTINVOLVED_INVESTMENT
31909187,F41,593067.6,True,NOTINVOLVED_INVESTMENT
31919422,F44,651146.63,True,NOTINVOLVED_INVESTMENT
31922422,F3,643194.28,True,NOTINVOLVED_INVESTMENT
31963202,F59,634203.95,True,NOTINVOLVED_INVESTMENT
31981976,F23,598468.49,True,NOTINVOLVED_INVESTMENT
31987012,F39,554301.13,True,NOTINVOLVED_INVESTMENT
31994981,F53,629019.97,True,NOTINVOLVED_INVESTMENT
32234068,F65,609428.06,True,NOTINVOLVED_INVESTMENT
32271373,F74,562104.97,True,NOTINVOLVED_INVESTMENT
32303597,F56,607038.17,True,NOTINVOLVED_INVESTMENT
32335745,F40,550051.39,True,NOTINVOLVED_INVESTMENT
32400190,F10,652841.41,True,NOTINVOLVED_INVESTMENT
32402850,F50,611828.85,True,NOTINVOLVED_INVESTMENT
32450574,F13,619441.7,True,NOTINVOLVED_INVESTMENT
32472326,F52,567597.07,True,NOTINVOLVED_INVESTMENT
32549686,F25,555196.04,True,NOTINVOLVED_INVESTMENT
32608867,F67,553648.45,True,NOTINVOLVED_INVESTMENT
32613262,F70,598791.41,True,NOTINVOLVED_INVESTMENT
32735840,F42,598198.51,True,NOTINVOLVED_INVESTMENT
32743140,F1,545151.95,True,NOTINVOLVED_INVESTMENT
32747718,F26,548338.43,True,NOTINVOLVED_INVESTMENT
32789483,F24,567198.18,True,NOTINVOLVED_INVESTMENT
32806579,F34,614746.44,True,NOTINVOLVED_INVESTMENT
32827677,F17,633677.81,True,NOTINVOLVED_INVESTMENT
32835276,F27,554912.23,True,NOTINVOLVED_INVESTMENT
32874738,F9,560598.29,True,NOTINVOLVED_INVESTMENT
32889713,F76,554049.44,True,NOTINVOLVED_INVESTMENT
32920259,F37,589234.44,True,NOTINVOLVED_INVESTMENT
32957017,F46,559760.5,True,NOTINVOLVED_INVESTMENT
32964416,F31,540217.73,True,NOTINVOLVED_INVESTMENT
33015676,F30,554399.24,True,NOTINVOLVED_INVESTMENT
33018870,F66,567294.8,True,NOTINVOLVED_INVESTMENT
33021350,F48,558556.6,True,NOTINVOLVED_INVESTMENT
33068081,F5,649980.94,True,NOTINVOLVED_INVESTMENT
33087944,F58,587773.34,True,NOTINVOLVED_INVESTMENT
33092733,F32,629797.11,True,NOTINVOLVED_INVESTMENT
33116810,F45,546884.22,True,NOTINVOLVED_INVESTMENT
33124061,F57,574036.09,True,NOTINVOLVED_INVESTMENT
33146834,F71,560631.71,True,NOTINVOLVED_INVESTMENT
33226286,F63,658234.82,True,NOTINVOLVED_INVESTMENT
33251707,F64,598703.15,True,NOTINVOLVED_INVESTMENT
33256591,F29,590018.8,True,NOTINVOLVED_INVESTMENT
33289308,F12,623324.34,True,NOTINVOLVED_INVESTMENT
33317870,F35,649831.29,True,NOTINVOLVED_INVESTMENT
33318726,F43,653335.8,True,NOTINVOLVED_INVESTMENT
33322922,F75,616525.72,True,NOTINVOLVED_INVESTMENT
33379454,F36,657837.75,True,NOTINVOLVED_INVESTMENT
33478357,F69,633205.37,True,NOTINVOLVED_INVESTMENT
33531606,F16,562601.24,True,NOTINVOLVED_INVESTMENT
33561163,F79,606585.96,True,NOTINVOLVED_INVESTMENT
33564987,F2,623439.75,True,NOTINVOLVED_INVESTMENT
33619760,F6,611929.61,True,NOTINVOLVED_INVESTMENT
33623828,F22,607941.32,True,NOTINVOLVED_INVESTMENT
33632756,F7,626672.28,True,NOTINVOLVED_INVESTMENT
33666465,F60,655839.52,True,NOTINVOLVED_INVESTMENT
33686821,F0,583792.98,True,NOTINVOLVED_INVESTMENT
33692449,F73,634285.68,True,NOTINVOLVED_INVESTMENT
33820093,F15,632298.88,True,NOTINVOLVED_INVESTMENT
33908838,F61,659412.21,True,NOTINVOLVED_INVESTMENT
33931284,F55,658514.12,True,NOTINVOLVED_INVESTMENT
33957420,F19,626695.48,True,NOTINVOLVED_INVESTMENT
33963002,F54,616196.31,True,NOTINVOLVED_INVESTMENT
33992032,F11,635774.29,True,NOTINVOLVED_INVESTMENT
34002791,F44,541249.84,True,NOTINVOLVED_INVESTMENT
34049726,F8,600693.2,True,NOTINVOLVED_INVESTMENT
34150735,F21,642260.2,True,NOTINVOLVED_INVESTMENT
34176440,F4,638112.45,True,NOTINVOLVED_INVESTMENT
34221214,F59,583542.39,True,NOTINVOLVED_INVESTMENT
34235885,F72,595159.91,True,NOTINVOLVED_INVESTMENT
34239264,F77,642166.18,True,NOTINVOLVED_INVESTMENT
34272158,F49,604217.41,True,NOTINVOLVED_INVESTMENT
34291656,F33,641046.18,True,NOTINVOLVED_INVESTMENT
34312234,F62,583078.49,True,NOTINVOLVED_INVESTMENT
34335369,F18,592607.31,True,NOTINVOLVED_INVESTMENT
34336604,F40,657407.04,True,NOTINVOLVED_INVESTMENT
34415598,F78,595882.71,True,NOTINVOLVED_INVESTMENT
34494947,F56,650407.26,True,NOTINVOLVED_INVESTMENT
34496333,F14,564630.5,True,NOTINVOLVED_INVESTMENT
34523495,F70,625243.16,True,NOTINVOLVED_INVESTMENT
34536942,F28,659264.52,True,NOTINVOLVED_INVESTMENT
34542824,F38,638510.13,True,NOTINVOLVED_INVESTMENT
34563590,F53,601077.19,True,NOTINVOLVED_INVESTMENT
34611569,F1,544310.76,True,NOTINVOLVED_INVESTMENT
34722454,F41,544437.97,True,NOTINVOLVED_INVESTMENT
34804151,F3,640813.71,True,NOTINVOLVED_INVESTMENT
34805074,F65,614802.31,True,NOTINVOLVED_INVESTMENT
34813135,F67,611562.77,True,NOTINVOLVED_INVESTMENT
34814776,F50,585060.38,True,NOTINVOLVED_INVESTMENT
34815802,F20,598110.78,True,NOTINVOLVED_INVESTMENT
34852939,F68,608173.12,True,NOTINVOLVED_INVESTMENT
34862704,F74,572358.55,True,NOTINVOLVED_INVESTMENT
34873830,F30,620431.36,True,NOTINVOLVED_INVESTMENT
34873975,F47,564442.03,True,NOTINVOLVED_INVESTMENT
34879049,F51,607902.1,True,NOTINVOLVED_INVESTMENT
35016699,F57,614786.04,True,NOTINVOLVED_INVESTMENT
35040914,F39,603477.97,True,NOTINVOLVED_INVESTMENT
35089671,F23,634833.0,True,NOTINVOLVED_INVESTMENT
35174675,F32,637362.85,True,NOTINVOLVED_INVESTMENT
35178471,F52,545130.21,True,NOTINVOLVED_INVESTMENT
35300095,F5,561200.82,True,NOTINVOLVED_INVESTMENT
35336631,F69,606249.14,True,NOTINVOLVED_INVESTMENT
35344843,F12,635337.93,True,NOTINVOLVED_INVESTMENT
35346249,F43,635367.28,True,NOTINVOLVED_INVESTMENT
35425398,F13,603992.74,True,NOTINVOLVED_INVESTMENT
35444681,F71,563796.89,True,NOTINVOLVED_INVESTMENT
35478170,F2,601818.43,True,NOTINVOLVED_INVESTMENT
35574569,F75,591319.1,True,NOTINVOLVED_INVESTMENT
35591313,F24,621648.92,True,NOTINVOLVED_INVESTMENT
35640446,F25,554013.12,True,NOTINVOLVED_INVESTMENT
35643528,F9,633760.9,True,NOTINVOLVED_INVESTMENT
35644453,F26,542790.51,True,NOTINVOLVED_INVESTMENT
35718295,F66,560266.82,True,NOTINVOLVED_INVESTMENT
35726855,F37,543889.61,True,NOTINVOLVED_INVESTMENT
35729926,F27,643362.88,True,NOTINVOLVED_INVESTMENT
35736036,F58,612836.96,True,NOTINVOLVED_INVESTMENT
35794692,F48,575077.31,True,NOTINVOLVED_INVESTMENT
35811657,F10,634930.95,True,NOTINVOLVED_INVESTMENT
35824463,F31,573836.04,True,NOTINVOLVED_INVESTMENT
35824608,F29,554488.74,True,NOTINVOLVED_INVESTMENT
35867370,F34,628200.39,True,NOTINVOLVED_INVESTMENT
35871400,F17,619793.06,True,NOTINVOLVED_INVESTMENT
36001091,F11,642921.02,True,NOTINVOLVED_INVESTMENT
36002071,F46,543631.43,True,NOTINVOLVED_INVESTMENT
36036449,F0,559940.36,True,NOTINVOLVED_INVESTMENT
36038005,F36,554084.83,True,NOTINVOLVED_INVESTMENT
36089502,F76,550441.71,True,NOTINVOLVED_INVESTMENT
36101972,F42,610905.97,True,NOTINVOLVED_INVESTMENT
36159841,F79,552644.49,True,NOTINVOLVED_INVESTMENT
36192602,F54,544970.7,True,NOTINVOLVED_INVESTMENT
36223471,F8,580107.96,True,NOTINVOLVED_INVESTMENT
36225248,F15,561716.25,True,NOTINVOLVED_INVESTMENT
36269019,F6,580057.39,True,NOTINVOLVED_INVESTMENT
36303958,F21,544118.12,True,NOTINVOLVED_INVESTMENT
36331213,F62,547273.1,True,NOTINVOLVED_INVESTMENT
36375320,F35,625464.23,True,NOTINVOLVED_INVESTMENT
36388903,F73,562268.02,True,NOTINVOLVED_INVESTMENT
36391779,F49,619993.38,True,NOTINVOLVED_INVESTMENT
36419553,F19,653145.45,True,NOTINVOLVED_INVESTMENT
36434426,F45,607873.21,True,NOTINVOLVED_INVESTMENT
36443634,F18,609197.9,True,NOTINVOLVED_INVESTMENT
36448462,F60,559790.44,True,NOTINVOLVED_INVESTMENT
36454986,F77,585863.93,True,NOTINVOLVED_INVESTMENT
36489559,F63,542902.17,True,NOTINVOLVED_INVESTMENT
36506125,F53,547278.84,True,NOTINVOLVED_INVESTMENT
36512583,F38,547489.42,True,NOTINVOLVED_INVESTMENT
36568164,F22,569148.82,True,NOTINVOLVED_INVESTMENT
36601555,F16,634398.41,True,NOTINVOLVED_INVESTMENT
36604613,F59,580680.12,True,NOTINVOLVED_INVESTMENT
36606250,F72,567991.95,True,NOTINVOLVED_INVESTMENT
36642627,F64,563841.69,True,NOTINVOLVED_INVESTMENT
36653806,F14,588103.06,True,NOTINVOLVED_INVESTMENT
36715426,F50,616002.53,True,NOTINVOLVED_INVESTMENT
36749546,F4,623639.18,True,NOTINVOLVED_INVESTMENT
36805483,F56,649232.95,True,NOTINVOLVED_INVESTMENT
36853101,F78,567367.86,True,NOTINVOLVED_INVESTMENT
36853449,F55,592733.0,True,NOTINVOLVED_INVESTMENT
36917557,F61,654467.37,True,NOTINVOLVED_INVESTMENT
36928788,F28,543297.54,True,NOTINVOLVED_INVESTMENT
36932117,F7,611458.2,True,NOTINVOLVED_INVESTMENT
37070789,F40,570292.54,True,NOTINVOLVED_INVESTMENT
37086481,F3,613971.04,True,NOTINVOLVED_INVESTMENT
37123968,F33,638612.83,True,NOTINVOLVED_INVESTMENT
37124366,f2,1017931.04,True,SHADOW_INVESTMENT
37164525,F47,586827.62,True,NOTINVOLVED_INVESTMENT
37229624,F44,610726.58,True,NOTINVOLVED_INVESTMENT
37271104,F67,591647.66,True,NOTINVOLVED_INVESTMENT
37276375,F70,612142.67,True,NOTINVOLVED_INVESTMENT
37302975,F39,572206.37,True,NOTINVOLVED_INVESTMENT
37471625,F71,555673.83,True,NOTINVOLVED_INVESTMENT
37473396,F43,579894.04,True,NOTINVOLVED_INVESTMENT
37521348,F5,601637.46,True,NOTINVOLVED_INVESTMENT
37527528,F30,602050.18,True,NOTINVOLVED_INVESTMENT
37550499,F75,629434.91,True,NOTINVOLVED_INVESTMENT
37633241,F51,642751.79,True,NOTINVOLVED_INVESTMENT
37812605,F2,600430.31,True,NOTINVOLVED_INVESTMENT
37832772,F66,601637.04,True,NOTINVOLVED_INVESTMENT
37918485,F1,633307.27,True,NOTINVOLVED_INVESTMENT
37933565,F12,656525.22,True,NOTINVOLVED_INVESTMENT
37941656,F52,583908.79,True,NOTINVOLVED_INVESTMENT
37951874,F65,621667.49,True,NOTINVOLVED_INVESTMENT
37981626,F20,639174.04,True,NOTINVOLVED_INVESTMENT
37985537,F57,648089.7,True,NOTINVOLVED_INVESTMENT
37997019,F46,625492.19,True,NOTINVOLVED_INVESTMENT
38043990,F24,572014.53,True,NOTINVOLVED_INVESTMENT
38050626,F32,635961.12,True,NOTINVOLVED_INVESTMENT
38077332,F27,592286.81,True,NOTINVOLVED_INVESTMENT
38104290,F41,643822.24,True,NOTINVOLVED_INVESTMENT
38126340,F17,601322.88,True,NOTINVOLVED_INVESTMENT
38175695,F68,657508.7,True,NOTINVOLVED_INVESTMENT
38221996,F10,656661.48,True,NOTINVOLVED_INVESTMENT
38245302,F74,627742.42,True,NOTINVOLVED_INVESTMENT
38262898,F9,559716.5,True,NOTINVOLVED_INVESTMENT
38263791,F62,561530.99,True,NOTINVOLVED_INVESTMENT
38347776,F34,586631.66,True,NOTINVOLVED_INVESTMENT
38362644,F48,556693.81,True,NOTINVOLVED_INVESTMENT
38362779,F69,579809.59,True,NOTINVOLVED_INVESTMENT
38368708,F42,620746.1,True,NOTINVOLVED_INVESTMENT
38381897,F23,622537.24,True,NOTINVOLVED_INVESTMENT
38435238,F19,645637.08,True,NOTINVOLVED_INVESTMENT
38523792,F72,645471.61,True,NOTINVOLVED_INVESTMENT
38566944,F76,552398.99,True,NOTINVOLVED_INVESTMENT
38576018,F37,658300.51,True,NOTINVOLVED_INVESTMENT
38580533,F26,632985.41,True,NOTINVOLVED_INVESTMENT
38599302,F29,574748.47,True,NOTINVOLVED_INVESTMENT
38603756,F13,540849.79,True,NOTINVOLVED_INVESTMENT
38640073,F60,653936.42,True,NOTINVOLVED_INVESTMENT
38648620,F73,634917.79,True,NOTINVOLVED_INVESTMENT
38675310,F25,600337.88,True,NOTINVOLVED_INVESTMENT
38689793,F63,651257.13,True,NOTINVOLVED_INVESTMENT
38714349,F31,566050.04,True,NOTINVOLVED_INVESTMENT
38813351,F56,544099.91,True,NOTINVOLVED_INVESTMENT
38827252,F14,572843.55,True,NOTINVOLVED_INVESTMENT
38837048,F38,653590.11,True,NOTINVOLVED_INVESTMENT
38979632,F36,576802.0,True,NOTINVOLVED_INVESTMENT
39025999,F4,629582.8,True,NOTINVOLVED_INVESTMENT
39036143,F79,648790.08,True,NOTINVOLVED_INVESTMENT
39038117,F16,617782.59,True,NOTINVOLVED_INVESTMENT
39057385,F58,548695.38,True,NOTINVOLVED_INVESTMENT
39114994,F11,564866.03,True,NOTINVOLVED_INVESTMENT
39126345,F54,641894.93,True,NOTINVOLVED_INVESTMENT
39154845,F77,574112.98,True,NOTINVOLVED_INVESTMENT
39200974,F22,605016.59,True,NOTINVOLVED_INVESTMENT
39212799,F6,577337.76,True,NOTINVOLVED_INVESTMENT
39213641,F59,627678.68,True,NOTINVOLVED_INVESTMENT
39263452,F61,604381.07,True,NOTINVOLVED_INVESTMENT
39286961,F78,623405.51,True,NOTINVOLVED_INVESTMENT
39289162,F53,616161.19,True,NOTINVOLVED_INVESTMENT
39292681,F0,658440.96,True,NOTINVOLVED_INVESTMENT
39390390,F21,580170.58,True,NOTINVOLVED_INVESTMENT
39403079,F44,613438.54,True,NOTINVOLVED_INVESTMENT
39420671,F47,633336.79,True,NOTINVOLVED_INVESTMENT
39474488,F33,655778.39,True,NOTINVOLVED_INVESTMENT
39520231,F35,631243.97,True,NOTINVOLVED_INVESTMENT
39529629,F8,628543.34,True,NOTINVOLVED_INVESTMENT
39534861,F39,640269.2,True,NOTINVOLVED_INVESTMENT
39547935,F7,559086.24,True,NOTINVOLVED_INVESTMENT
39555634,F45,648507.32,True,NOTINVOLVED_INVESTMENT
39556705,F15,646504.87,True,NOTINVOLVED_INVESTMENT
39590085,F28,646467.76,True,NOTINVOLVED_INVESTMENT
39610695,F3,559761.35,True,NOTINVOLVED_INVESTMENT
39624051,F49,637444.14,True,NOTINVOLVED_INVESTMENT
39774731,F18,647053.5,True,NOTINVOLVED_INVESTMENT
39841942,F55,634320.84,True,NOTINVOLVED_INVESTMENT
39856932,F70,572875.15,True,NOTINVOLVED_INVESTMENT
39858779,F50,637271.85,True,NOTINVOLVED_INVESTMENT
39924455,F67,610928.45,True,NOTINVOLVED_INVESTMENT
39933221,F20,614275.57,True,NOTINVOLVED_INVESTMENT
39967940,F64,573037.38,True,NOTINVOLVED_INVESTMENT
40000074,F30,601684.87,True,NOTINVOLVED_INVESTMENT
40027036,F24,625596.55,True,NOTINVOLVED_INVESTMENT
40061062,F40,548641.25,True,NOTINVOLVED_INVESTMENT
40241126,F68,550331.04,True,NOTINVOLVED_INVESTMENT
40266827,F41,609952.19,True,NOTINVOLVED_INVESTMENT
40280392,F27,581544.19,True,NOTINVOLVED_INVESTMENT
40284119,F51,636482.79,True,NOTINVOLVED_INVESTMENT
40454391,F62,589980.31,True,NOTINVOLVED_INVESTMENT
40456931,F48,637102.59,True,NOTINVOLVED_INVESTMENT
40495806,F75,566063.67,True,NOTINVOLVED_INVESTMENT
40512100,F73,626209.86,True,NOTINVOLVED_INVESTMENT
40542169,F2,598600.94,True,NOTINVOLVED_INVESTMENT
40552838,F71,575372.0,True,NOTINVOLVED_INVESTMENT
40637599,F5,631516.14,True,NOTINVOLVED_INVESTMENT
40681134,F57,557040.93,True,NOTINVOLVED_INVESTMENT
40695725,F32,642317.94,True,NOTINVOLVED_INVESTMENT
40725585,F46,656278.38,True,NOTINVOLVED_INVESTMENT
40760433,F25,548608.93,True,NOTINVOLVED_INVESTMENT
40788059,F9,575931.65,True,NOTINVOLVED_INVESTMENT
40799513,F76,647282.11,True,NOTINVOLVED_INVESTMENT
40834002,F65,600197.23,True,NOTINVOLVED_INVESTMENT
40878714,F66,573153.97,True,NOTINVOLVED_INVESTMENT
40878777,F43,638558.48,True,NOTINVOLVED_INVESTMENT
41033808,F14,564323.11,True,NOTINVOLVED_INVESTMENT
41038769,F54,623226.5,True,NOTINVOLVED_INVESTMENT
41039067,F19,554646.59,True,NOTINVOLVED_INVESTMENT
41057652,F26,583189.28,True,NOTINVOLVED_INVESTMENT
41063851,F12,632530.94,True,NOTINVOLVED_INVESTMENT
41078945,F77,627165.43,True,NOTINVOLVED_INVESTMENT
41111992,F22,656444.96,True,NOTINVOLVED_INVESTMENT
41123085,F1,647210.96,True,NOTINVOLVED_INVESTMENT
41169441,F63,633577.09,True,NOTINVOLVED_INVESTMENT
41225088,F74,556025.99,True,NOTINVOLVED_INVESTMENT
41241836,F10,650735.06,True,NOTINVOLVED_INVESTMENT
41249100,F21,656598.58,True,NOTINVOLVED_INVESTMENT
41260284,F52,584411.98,True,NOTINVOLVED_INVESTMENT
41289945,F69,569271.96,True,NOTINVOLVED_INVESTMENT
41316011,F78,555133.38,True,NOTINVOLVED_INVESTMENT
41347462,F60,592367.67,True,NOTINVOLVED_INVESTMENT
41392085,F72,560604.87,True,NOTINVOLVED_INVESTMENT
41415551,F6,600095.59,True,NOTINVOLVED_INVESTMENT
41455946,F4,553372.42,True,NOTINVOLVED_INVESTMENT
41510589,F17,558731.54,True,NOTINVOLVED_INVESTMENT
41533928,F13,555256.45,True,NOTINVOLVED_INVESTMENT
41542233,F47,656317.09,True,NOTINVOLVED_INVESTMENT
41558155,F23,641728.57,True,NOTINVOLVED_INVESTMENT
41635903,F58,651303.29,True,NOTINVOLVED_INVESTMENT
41666501,F29,560306.33,True,NOTINVOLVED_INVESTMENT
41698959,F38,546987.27,True,NOTINVOLVED_INVESTMENT
41717037,F36,573665.17,True,NOTINVOLVED_INVESTMENT
41727785,F42,619185.75,True,NOTINVOLVED_INVESTMENT
41736630,F34,656980.44,True,NOTINVOLVED_INVESTMENT
41738901,F11,612009.31,True,NOTINVOLVED_INVESTMENT
41805176,F0,656178.25,True,NOTINVOLVED_INVESTMENT
41847440,F3,556658.53,True,NOTINVOLVED_INVESTMENT
41855069,F56,551249.22,True,NOTINVOLVED_INVESTMENT
41872351,F50,646046.54,True,NOTINVOLVED_INVESTMENT
41924536,F37,570477.21,True,NOTINVOLVED_INVESTMENT
41987847,F24,562663.18,True,NOTINVOLVED_INVESTMENT
42045858,F53,551858.42,True,NOTINVOLVED_INVESTMENT
42072684,F31,588275.99,True,NOTINVOLVED_INVESTMENT
42093210,F70,587987.74,True,NOTINVOLVED_INVESTMENT
42105517,F49,577735.93,True,NOTINVOLVED_INVESTMENT
42110210,F40,586124.5,True,NOTINVOLVED_INVESTMENT
42129873,F61,631829.51,True,NOTINVOLVED_INVESTMENT
42132191,F30,581211.41,True,NOTINVOLVED_INVESTMENT
42186003,F45,595193.43,True,NOTINVOLVED_INVESTMENT
42284922,F16,556323.37,True,NOTINVOLVED_INVESTMENT
42293888,F79,629477.03,True,NOTINVOLVED_INVESTMENT
42345005,F18,566480.52,True,NOTINVOLVED_INVESTMENT
42490212,F59,563071.63,True,NOTINVOLVED_INVESTMENT
42510758,F44,610980.76,True,NOTINVOLVED_INVESTMENT
42518575,F71,628234.17,True,NOTINVOLVED_INVESTMENT
42580120,F8,620083.86,True,NOTINVOLVED_INVESTMENT
42589977,F73,608099.68,True,NOTINVOLVED_INVESTMENT
42623218,F64,591648.09,True,NOTINVOLVED_INVESTMENT
42659190,F33,580355.22,True,NOTINVOLVED_INVESTMENT
42669474,F32,587989.71,True,NOTINVOLVED_INVESTMENT
42673326,F20,579945.01,True,NOTINVOLVED_INVESTMENT
42693991,F7,583142.32,True,NOTINVOLVED_INVESTMENT
42706168,F35,601867.81,True,NOTINVOLVED_INVESTMENT
42711197,F65,652192.56,True,NOTINVOLVED_INVESTMENT
42806088,F46,542646.97,True,NOTINVOLVED_INVESTMENT
42851142,F43,559436.33,True,NOTINVOLVED_INVESTMENT
42863743,F28,576307.65,True,NOTINVOLVED_INVESTMENT
42893841,F57,576708.17,True,NOTINVOLVED_INVESTMENT
42904749,F15,649669.52,True,NOTINVOLVED_INVESTMENT
42952043,F39,546312.9,True,NOTINVOLVED_INVESTMENT
42994326,F48,642041.75,True,NOTINVOLVED_INVESTMENT
43041314,F63,544002.32,True,NOTINVOLVED_INVESTMENT
43072543,F5,649856.76,True,NOTINVOLVED_INVESTMENT
43085309,F10,562367.77,True,NOTINVOLVED_INVESTMENT
43167917,F55,581284.77,True,NOTINVOLVED_INVESTMENT
43176337,F26,630026.75,True,NOTINVOLVED_INVESTMENT
43188497,F67,643569.16,True,NOTINVOLVED_INVESTMENT
43203324,F66,602415.71,True,NOTINVOLVED_INVESTMENT
43208532,F41,591414.57,True,NOTINVOLVED_INVESTMENT
43251439,F19,652698.68,True,NOTINVOLVED_INVESTMENT
43262565,F25,642909.47,True,NOTINVOLVED_INVESTMENT
43284140,F1,560915.53,True,NOTINVOLVED_INVESTMENT
43288025,F9,576213.57,True,NOTINVOLVED_INVESTMENT
43306115,F77,582528.31,True,NOTINVOLVED_INVESTMENT
43339008,F27,570403.24,True,NOTINVOLVED_INVESTMENT
43341241,F75,649866.81,True,NOTINVOLVED_INVESTMENT
43411371,F2,543919.6,True,NOTINVOLVED_INVESTMENT
43421854,F68,553073.25,True,NOTINVOLVED_INVESTMENT
43444703,F60,568172.41,True,NOTINVOLVED_INVESTMENT
43497178,F22,630906.07,True,NOTINVOLVED_INVESTMENT
43526343,F78,613872.18,True,NOTINVOLVED_INVESTMENT
43597456,F51,635238.67,True,NOTINVOLVED_INVESTMENT
43621558,F34,642320.69,True,NOTINVOLVED_INVESTMENT
43677921,F54,582430.34,True,NOTINVOLVED_INVESTMENT
43728074,F62,618666.1,True,NOTINVOLVED_INVESTMENT
43928258,F53,644958.86,True,NOTINVOLVED_INVESTMENT
43933939,F21,590714.38,True,NOTINVOLVED_INVESTMENT
43942483,F52,541759.43,True,NOTINVOLVED_INVESTMENT
44063261,F3,596652.78,True,NOTINVOLVED_INVESTMENT
44063935,F76,567594.7,True,NOTINVOLVED_INVESTMENT
44155872,F12,604351.23,True,NOTINVOLVED_INVESTMENT
44190196,F14,597213.08,True,NOTINVOLVED_INVESTMENT
44210763,F31,541621.71,True,NOTINVOLVED_INVESTMENT
44268251,F72,602413.54,True,NOTINVOLVED_INVESTMENT
44278372,F0,554731.0,True,NOTINVOLVED_INVESTMENT
44329104,F24,618483.05,True,NOTINVOLVED_INVESTMENT
44341623,F13,638912.21,True,NOTINVOLVED_INVESTMENT
44464028,F4,568496.32,True,NOTINVOLVED_INVESTMENT
44574799,F74,656226.11,True,NOTINVOLVED_INVESTMENT
44588619,F70,631046.66,True,NOTINVOLVED_INVESTMENT
44611553,F49,621366.89,True,NOTINVOLVED_INVESTMENT
44612192,F32,628514.0,True,NOTINVOLVED_INVESTMENT
44612241,F69,597713.09,True,NOTINVOLVED_INVESTMENT
44658748,f2,733765.94,True,SHADOW_INVESTMENT
44675813,F42,606962.56,True,NOTINVOLVED_INVESTMENT
44690878,F6,561117.14,True,NOTINVOLVED_INVESTMENT
44704660,F64,634279.17,True,NOTINVOLVED_INVESTMENT
44712419,F7,632040.52,True,NOTINVOLVED_INVESTMENT
44720153,F56,560191.41,True,NOTINVOLVED_INVESTMENT
44751067,F38,618621.8,True,NOTINVOLVED_INVESTMENT
44772024,F30,598319.71,True,NOTINVOLVED_INVESTMENT
44777106,F40,635741.35,True,NOTINVOLVED_INVESTMENT
44799211,F58,575800.81,True,NOTINVOLVED_INVESTMENT
44805832,F61,563736.72,True,NOTINVOLVED_INVESTMENT
44822898,F33,626808.33,True,NOTINVOLVED_INVESTMENT
44842647,F36,615992.01,True,NOTINVOLVED_INVESTMENT
44908025,F23,646777.71,True,NOTINVOLVED_INVESTMENT
44910444,F17,543888.42,True,NOTINVOLVED_INVESTMENT
44926707,F50,601898.85,True,NOTINVOLVED_INVESTMENT
44942964,F47,594783.08,True,NOTINVOLVED_INVESTMENT
44947328,F45,611959.33,True,NOTINVOLVED_INVESTMENT
44960148,F44,554697.14,True,NOTINVOLVED_INVESTMENT
45007741,F11,617855.13,True,NOTINVOLVED_INVESTMENT
45025494,F57,624973.79,True,NOTINVOLVED_INVESTMENT
45039937,F8,540582.44,True,NOTINVOLVED_INVESTMENT
45057405,F29,617723.62,True,NOTINVOLVED_INVESTMENT
45059693,F37,574733.04,True,NOTINVOLVED_INVESTMENT
45089344,F18,594097.05,True,NOTINVOLVED_INVESTMENT
45098993,F16,606973.93,True,NOTINVOLVED_INVESTMENT
45135653,F46,561506.59,True,NOTINVOLVED_INVESTMENT
45171879,F67,594071.53,True,NOTINVOLVED_INVESTMENT
45207118,F71,621526.97,True,NOTINVOLVED_INVESTMENT
45232829,F63,644454.19,True,NOTINVOLVED_INVESTMENT
45233351,F79,616059.63,True,NOTINVOLVED_INVESTMENT
45277847,F10,554028.37,True,NOTINVOLVED_INVESTMENT
45295670,F77,636989.68,True,NOTINVOLVED_INVESTMENT
45296364,F39,625546.09,True,NOTINVOLVED_INVESTMENT
45342667,F28,622387.93,True,NOTINVOLVED_INVESTMENT
45378428,F22,556960.73,True,NOTINVOLVED_INVESTMENT
45409415,F65,568380.42,True,NOTINVOLVED_INVESTMENT
45435764,F78,652661.2,True,NOTINVOLVED_INVESTMENT
45448831,F51,600785.95,True,NOTINVOLVED_INVESTMENT
45450191,F5,543757.09,True,NOTINVOLVED_INVESTMENT
45469374,F20,570637.01,True,NOTINVOLVED_INVESTMENT
45498447,F75,625234.21,True,NOTINVOLVED_INVESTMENT
45541008,F35,587792.57,True,NOTINVOLVED_INVESTMENT
45555665,F41,544385.97,True,NOTINVOLVED_INVESTMENT
45638090,F48,604449.04,True,NOTINVOLVED_INVESTMENT
45672130,F54,616871.9,True,NOTINVOLVED_INVESTMENT
45702567,F59,639782.27,True,NOTINVOLVED_INVESTMENT
45754380,F43,640028.28,True,NOTINVOLVED_INVESTMENT
45886627,F9,619105.14,True,NOTINVOLVED_INVESTMENT
45932238,F66,630377.01,True,NOTINVOLVED_INVESTMENT
45969809,F15,638129.93,True,NOTINVOLVED_INVESTMENT
45999740,F73,656683.75,True,NOTINVOLVED_INVESTMENT
46000364,F19,643844.38,True,NOTINVOLVED_INVESTMENT
46012621,F34,573743.91,True,NOTINVOLVED_INVESTMENT
46013436,F25,578046.78,True,NOTINVOLVED_INVESTMENT
46043713,F26,631237.62,True,NOTINVOLVED_INVESTMENT
46234051,F0,577473.34,True,NOTINVOLVED_INVESTMENT
46257521,F53,629819.11,True,NOTINVOLVED_INVESTMENT
46297251,F68,591599.32,True,NOTINVOLVED_INVESTMENT
46300441,F27,640234.69,True,NOTINVOLVED_INVESTMENT
46348565,F13,603080.54,True,NOTINVOLVED_INVESTMENT
46371642,F55,556574.41,True,NOTINVOLVED_INVESTMENT
46375825,F3,596094.11,True,NOTINVOLVED_INVESTMENT
46496930,F2,634377.66,True,NOTINVOLVED_INVESTMENT
46502895,F24,571613.73,True,NOTINVOLVED_INVESTMENT
46503192,F52,589121.35,True,NOTINVOLVED_INVESTMENT
46525590,F70,562909.86,True,NOTINVOLVED_INVESTMENT
46529517,F42,614426.98,True,NOTINVOLVED_INVESTMENT
46574746,F60,585369.09,True,NOTINVOLVED_INVESTMENT
46605004,F72,557637.69,True,NOTINVOLVED_INVESTMENT
46638023,F69,624552.35,True,NOTINVOLVED_INVESTMENT
46694550,F1,570461.45,True,NOTINVOLVED_INVESTMENT
46766400,F31,563087.55,True,NOTINVOLVED_INVESTMENT
46789191,F45,610673.66,True,NOTINVOLVED_INVESTMENT
46795334,F23,600754.21,True,NOTINVOLVED_INVESTMENT
46879138,F57,571968.98,True,NOTINVOLVED_INVESTMENT
46887202,F61,563756.13,True,NOTINVOLVED_INVESTMENT
46887922,F74,586971.85,True,NOTINVOLVED_INVESTMENT
46924620,F8,542687.13,True,NOTINVOLVED_INVESTMENT
46943963,F38,622441.23,True,NOTINVOLVED_INVESTMENT
46987398,F37,570429.37,True,NOTINVOLVED_INVESTMENT
47041869,F58,644975.5,True,NOTINVOLVED_INVESTMENT
47053084,F46,639515.96,True,NOTINVOLVED_INVESTMENT
47085557,F50,640896.63,True,NOTINVOLVED_INVESTMENT
47124246,F21,565639.53,True,NOTINVOLVED_INVESTMENT
47127585,F18,574608.04,True,NOTINVOLVED_INVESTMENT
47139368,F62,652816.48,True,NOTINVOLVED_INVESTMENT
47203011,F33,596948.72,True,NOTINVOLVED_INVESTMENT
47317978,F76,552154.97,True,NOTINVOLVED_INVESTMENT
47323063,F40,624929.74,True,NOTINVOLVED_INVESTMENT
47323686,F36,626415.16,True,NOTINVOLVED_INVESTMENT
47325167,F12,653652.09,True,NOTINVOLVED_INVESTMENT
47390291,F16,573019.21,True,NOTINVOLVED_INVESTMENT
47440847,F79,608944.87,True,NOTINVOLVED_INVESTMENT
47447184,F14,588517.9,True,NOTINVOLVED_INVESTMENT
47465957,F4,547701.67,True,NOTINVOLVED_INVESTMENT
47480520,F32,609911.65,True,NOTINVOLVED_INVESTMENT
47492546,F49,582324.26,True,NOTINVOLVED_INVESTMENT
47502713,F6,626835.28,True,NOTINVOLVED_INVESTMENT
47585841,F59,656554.93,True,NOTINVOLVED_INVESTMENT
47603219,F56,630771.87,True,NOTINVOLVED_INVESTMENT
47656620,F30,645334.87,True,NOTINVOLVED_INVESTMENT
47708670,F29,607703.95,True,NOTINVOLVED_INVESTMENT
47746329,F7,618927.58,True,NOTINVOLVED_INVESTMENT
47784261,F22,633237.57,True,NOTINVOLVED_INVESTMENT
47811058,F77,559447.07,True,NOTINVOLVED_INVESTMENT
47818089,F17,640479.09,True,NOTINVOLVED_INVESTMENT
47844753,F48,541783.23,True,NOTINVOLVED_INVESTMENT
47873851,F10,640132.32,True,NOTINVOLVED_INVESTMENT
47875234,F78,612306.79,True,NOTINVOLVED_INVESTMENT
47888956,F19,597150.55,True,NOTINVOLVED_INVESTMENT
47907087,F71,542562.4,True,NOTINVOLVED_INVESTMENT
47910140,F64,631442.34,True,NOTINVOLVED_INVESTMENT
47964951,F44,549660.69,True,NOTINVOLVED_INVESTMENT
48005611,F25,541307.88,True,NOTINVOLVED_INVESTMENT
48028637,F43,594726.39,True,NOTINVOLVED_INVESTMENT
48146770,F65,654888.0,True,NOTINVOLVED_INVESTMENT
48240359,F11,646702.17,True,NOTINVOLVED_INVESTMENT
48288321,F47,640463.17,True,NOTINVOLVED_INVESTMENT
48300226,F9,624251.57,True,NOTINVOLVED_INVESTMENT
48324972,F55,650020.36,True,NOTINVOLVED_INVESTMENT
48356119,F53,627899.39,True,NOTINVOLVED_INVESTMENT
48421246,F5,540460.0,True,NOTINVOLVED_INVESTMENT
48492312,F67,540059.49,True,NOTINVOLVED_INVESTMENT
48496139,F0,646799.28,True,NOTINVOLVED_INVESTMENT
48543760,F70,635774.07,True,NOTINVOLVED_INVESTMENT
48554066,F54,555550.73,True,NOTINVOLVED_INVESTMENT
48555470,F20,633067.21,True,NOTINVOLVED_INVESTMENT
48583273,F34,583904.41,True,NOTINVOLVED_INVESTMENT
48600165,F51,611744.03,True,NOTINVOLVED_INVESTMENT
48602845,F63,554591.88,True,NOTINVOLVED_INVESTMENT
48624130,F2,642156.22,True,NOTINVOLVED_INVESTMENT
48632876,F15,608539.99,True,NOTINVOLVED_INVESTMENT
48643583,F28,581350.4,True,NOTINVOLVED_INVESTMENT
48691435,F39,551961.12,True,NOTINVOLVED_INVESTMENT
48781129,F35,646889.18,True,NOTINVOLVED_INVESTMENT
48912471,F75,608644.22,True,NOTINVOLVED_INVESTMENT
48914438,F37,610479.96,True,NOTINVOLVED_INVESTMENT
48923844,F73,593099.51,True,NOTINVOLVED_INVESTMENT
48970088,F41,564745.76,True,NOTINVOLVED_INVESTMENT
49054603,F24,570240.78,True,NOTINVOLVED_INVESTMENT
49067193,F26,651422.95,True,NOTINVOLVED_INVESTMENT
49144084,F42,582169.07,True,NOTINVOLVED_INVESTMENT
49229145,F46,573147.7,True,NOTINVOLVED_INVESTMENT
49244810,F57,598479.14,True,NOTINVOLVED_INVESTMENT
49263834,F40,606350.8,True,NOTINVOLVED_INVESTMENT
49283153,F61,547114.51,True,NOTINVOLVED_INVESTMENT
49291761,F3,579879.79,True,NOTINVOLVED_INVESTMENT
49305141,F66,598096.17,True,NOTINVOLVED_INVESTMENT
49332206,F68,614223.8,True,NOTINVOLVED_INVESTMENT
49351961,F8,548341.06,True,NOTINVOLVED_INVESTMENT
49370881,F60,629544.38,True,NOTINVOLVED_INVESTMENT
49407997,F74,608158.39,True,NOTINVOLVED_INVESTMENT
49437594,F16,640939.91,True,NOTINVOLVED_INVESTMENT
49445521,F33,562792.98,True,NOTINVOLVED_INVESTMENT
49460569,F31,636638.1,True,NOTINVOLVED_INVESTMENT
49478180,F58,567955.81,True,NOTINVOLVED_INVESTMENT
49480232,F49,620695.11,True,NOTINVOLVED_INVESTMENT
49490243,F6,657528.47,True,NOTINVOLVED_INVESTMENT
49490576,F45,545605.23,True,NOTINVOLVED_INVESTMENT
49521668,F1,592735.11,True,NOTINVOLVED_INVESTMENT
49522761,F62,633849.28,True,NOTINVOLVED_INVESTMENT
49659811,F38,638724.93,True,NOTINVOLVED_INVESTMENT
49664812,F13,658333.96,True,NOTINVOLVED_INVESTMENT
49680356,F27,543793.11,True,NOTINVOLVED_INVESTMENT
49706589,F69,629321.0,True,NOTINVOLVED_INVESTMENT
49708542,F30,626369.53,True,NOTINVOLVED_INVESTMENT
49723830,F52,552527.39,True,NOTINVOLVED_INVESTMENT
49739023,F4,573264.75,True,NOTINVOLVED_INVESTMENT
49745146,F72,563132.25,True,NOTINVOLVED_INVESTMENT
49777817,F7,595006.58,True,NOTINVOLVED_INVESTMENT
49782290,F21,658503.16,True,NOTINVOLVED_INVESTMENT
49940403,F14,565992.87,True,NOTINVOLVED_INVESTMENT
50010371,F65,620653.63,True,NOTINVOLVED_INVESTMENT
50014463,F23,618349.67,True,NOTINVOLVED_INVESTMENT
50054005,F79,651016.46,True,NOTINVOLVED_INVESTMENT
50103858,F59,623573.16,True,NOTINVOLVED_INVESTMENT
50112246,F36,634751.41,True,NOTINVOLVED_INVESTMENT
50178461,F76,642715.33,True,NOTINVOLVED_INVESTMENT
50183952,F78,596213.71,True,NOTINVOLVED_INVESTMENT
50185620,F18,562687.08,True,NOTINVOLVED_INVESTMENT
50205593,F32,554575.03,True,NOTINVOLVED_INVESTMENT
50245616,F53,623461.31,True,NOTINVOLVED_INVESTMENT
50246103,F64,641591.89,True,NOTINVOLVED_INVESTMENT
50384825,F56,625196.41,True,NOTINVOLVED_INVESTMENT
50386741,F77,558378.59,True,NOTINVOLVED_INVESTMENT
50402676,F47,557036.07,True,NOTINVOLVED_INVESTMENT
50462100,F50,584034.3,True,NOTINVOLVED_INVESTMENT
50474253,F25,632009.77,True,NOTINVOLVED_INVESTMENT
50476548,F20,659120.55,True,NOTINVOLVED_INVESTMENT
50525258,F71,651338.6,True,NOTINVOLVED_INVESTMENT
50541903,F48,582524.24,True,NOTINVOLVED_INVESTMENT
50582395,F54,564087.84,True,NOTINVOLVED_INVESTMENT
50588359,F12,540771.8,True,NOTINVOLVED_INVESTMENT
50627585,F67,624773.35,True,NOTINVOLVED_INVESTMENT
50657650,F51,591871.41,True,NOTINVOLVED_INVESTMENT
50716489,F22,585213.74,True,NOTINVOLVED_INVESTMENT
50749488,F11,639118.21,True,NOTINVOLVED_INVESTMENT
50811172,F43,596862.18,True,NOTINVOLVED_INVESTMENT
50820742,F73,569195.5,True,NOTINVOLVED_INVESTMENT
50858638,F29,593637.09,True,NOTINVOLVED_INVESTMENT
50880769,F5,585694.49,True,NOTINVOLVED_INVESTMENT
50905125,f2,578942.64,True,SHADOW_INVESTMENT
50913041,F34,583935.65,True,NOTINVOLVED_INVESTMENT
50978219,F19,547195.7,True,NOTINVOLVED_INVESTMENT
50991601,F39,635816.42,True,NOTINVOLVED_INVESTMENT
50996392,F17,574651.23,True,NOTINVOLVED_INVESTMENT
50996943,F10,578201.15,True,NOTINVOLVED_INVESTMENT
51057191,F35,598880.03,True,NOTINVOLVED_INVESTMENT
51065020,F55,587470.91,True,NOTINVOLVED_INVESTMENT
51221023,F40,551829.47,True,NOTINVOLVED_INVESTMENT
51236879,F57,659006.24,True,NOTINVOLVED_INVESTMENT
51237184,F42,657885.38,True,NOTINVOLVED_INVESTMENT
51281547,F44,577184.44,True,NOTINVOLVED_INVESTMENT
51301820,F33,604682.0,True,NOTINVOLVED_INVESTMENT
51348811,F0,561542.95,True,NOTINVOLVED_INVESTMENT
51397549,F68,580131.17,True,NOTINVOLVED_INVESTMENT
51403097,F62,606826.89,True,NOTINVOLVED_INVESTMENT
51443630,F28,551601.72,True,NOTINVOLVED_INVESTMENT
51457149,F9,558475.78,True,NOTINVOLVED_INVESTMENT
51481053,F46,551292.98,True,NOTINVOLVED_INVESTMENT
51483289,F60,642868.41,True,NOTINVOLVED_INVESTMENT
51511138,F1,581532.08,True,NOTINVOLVED_INVESTMENT
51523254,F70,544346.53,True,NOTINVOLVED_INVESTMENT
51606509,F16,635958.92,True,NOTINVOLVED_INVESTMENT
51636381,F45,584722.37,True,NOTINVOLVED_INVESTMENT
51698138,F69,630607.75,True,NOTINVOLVED_INVESTMENT
51739384,F15,550039.93,True,NOTINVOLVED_INVESTMENT
51769227,F63,589823.54,True,NOTINVOLVED_INVESTMENT
51801784,F61,543681.9,True,NOTINVOLVED_INVESTMENT
51849349,F4,658960.78,True,NOTINVOLVED_INVESTMENT
51929172,F74,577399.39,True,NOTINVOLVED_INVESTMENT
51951577,F14,628496.22,True,NOTINVOLVED_INVESTMENT
51960706,F6,590720.87,True,NOTINVOLVED_INVESTMENT
51962493,F79,637654.85,True,NOTINVOLVED_INVESTMENT
52029648,F2,543909.5,True,NOTINVOLVED_INVESTMENT
52058909,F75,622174.44,True,NOTINVOLVED_INVESTMENT
52073433,F36,596229.88,True,NOTINVOLVED_INVESTMENT
52080356,F37,657222.88,True,NOTINVOLVED_INVESTMENT
52088634,F41,554969.23,True,NOTINVOLVED_INVESTMENT
52090203,F21,606783.78,True,NOTINVOLVED_INVESTMENT
52173450,F26,557038.36,True,NOTINVOLVED_INVESTMENT
52183160,F13,590426.62,True,NOTINVOLVED_INVESTMENT
52184497,F65,630774.56,True,NOTINVOLVED_INVESTMENT
52192859,F24,602655.06,True,NOTINVOLVED_INVESTMENT
52222852,F78,609679.5,True,NOTINVOLVED_INVESTMENT
52334777,F47,574052.05,True,NOTINVOLVED_INVESTMENT
52344823,F38,586853.82,True,NOTINVOLVED_INVESTMENT
52404350,F32,558817.57,True,NOTINVOLVED_INVESTMENT
52450081,F3,634801.34,True,NOTINVOLVED_INVESTMENT
52523101,F30,578180.69,True,NOTINVOLVED_INVESTMENT
52555417,F49,613341.33,True,NOTINVOLVED_INVESTMENT
52574856,F58,652629.57,True,NOTINVOLVED_INVESTMENT
52585948,F71,638328.22,True,NOTINVOLVED_INVESTMENT
52586150,F50,548631.18,True,NOTINVOLVED_INVESTMENT
52624952,F8,652529.4,True,NOTINVOLVED_INVESTMENT
52627977,F66,590358.8,True,NOTINVOLVED_INVESTMENT
52665440,F77,565764.7,True,NOTINVOLVED_INVESTMENT
52676067,F43,636298.84,True,NOTINVOLVED_INVESTMENT
52683370,F27,594700.09,True,NOTINVOLVED_INVESTMENT
52797189,F31,577774.82,True,NOTINVOLVED_INVESTMENT
52824076,F7,607888.53,True,NOTINVOLVED_INVESTMENT
52853919,F56,604002.32,True,NOTINVOLVED_INVESTMENT
52886161,F59,587428.19,True,NOTINVOLVED_INVESTMENT
52895860,F53,556275.83,True,NOTINVOLVED_INVESTMENT
52944303,F52,544560.29,True,NOTINVOLVED_INVESTMENT
52953488,F76,619254.6,True,NOTINVOLVED_INVESTMENT
53024987,F39,569207.68,True,NOTINVOLVED_INVESTMENT
53043427,F18,608311.03,True,NOTINVOLVED_INVESTMENT
53045081,F11,595214.9,True,NOTINVOLVED_INVESTMENT
53092105,F42,647813.06,True,NOTINVOLVED_INVESTMENT
53095011,F22,565590.92,True,NOTINVOLVED_INVESTMENT
53154106,F10,597215.76,True,NOTINVOLVED_INVESTMENT
53156869,F72,595251.81,True,NOTINVOLVED_INVESTMENT
53164879,F17,625001.58,True,NOTINVOLVED_INVESTMENT
53177438,F48,602595.22,True,NOTINVOLVED_INVESTMENT
53186063,F35,597311.46,True,NOTINVOLVED_INVESTMENT
53235771,F5,595578.9,True,NOTINVOLVED_INVESTMENT
53249341,F19,624266.12,True,NOTINVOLVED_INVESTMENT
53294489,f2,734323.36,True,SHADOW_INVESTMENT
53311462,F23,625603.01,True,NOTINVOLVED_INVESTMENT
53318810,F57,576355.02,True,NOTINVOLVED_INVESTMENT
53381239,F64,562776.57,True,NOTINVOLVED_INVESTMENT
53395880,F25,561284.23,True,NOTINVOLVED_INVESTMENT
53442765,F54,601030.01,True,NOTINVOLVED_INVESTMENT
53461147,F73,546324.11,True,NOTINVOLVED_INVESTMENT
53539382,F1,578357.06,True,NOTINVOLVED_INVESTMENT
53590396,F29,658509.44,True,NOTINVOLVED_INVESTMENT
53593557,F62,559114.31,True,NOTINVOLVED_INVESTMENT
53678238,F55,591120.16,True,NOTINVOLVED_INVESTMENT
53737241,F67,621959.33,True,NOTINVOLVED_INVESTMENT
53742833,F46,595383.2,True,NOTINVOLVED_INVESTMENT
53811989,F0,589675.35,True,NOTINVOLVED_INVESTMENT
53814742,F20,631401.94,True,NOTINVOLVED_INVESTMENT
53829096,F12,589284.41,True,NOTINVOLVED_INVESTMENT
53899885,F34,618627.01,True,NOTINVOLVED_INVESTMENT
53912386,F69,658210.95,True,NOTINVOLVED_INVESTMENT
53920990,F16,659504.49,True,NOTINVOLVED_INVESTMENT
53958566,F74,616808.3,True,NOTINVOLVED_INVESTMENT
53967203,F75,573115.43,True,NOTINVOLVED_INVESTMENT
53991858,F51,639716.16,True,NOTINVOLVED_INVESTMENT
54031595,F4,593247.35,True,NOTINVOLVED_INVESTMENT
54050613,F65,563199.96,True,NOTINVOLVED_INVESTMENT
54062698,F33,594974.2,True,NOTINVOLVED_INVESTMENT
54150915,F60,557731.96,True,NOTINVOLVED_INVESTMENT
54166234,F79,643014.17,True,NOTINVOLVED_INVESTMENT
54264372,F9,649362.39,True,NOTINVOLVED_INVESTMENT
54273769,F28,580368.93,True,NOTINVOLVED_INVESTMENT
54281009,F70,659433.63,True,NOTINVOLVED_INVESTMENT
54306000,F45,624690.94,True,NOTINVOLVED_INVESTMENT
54325061,F40,556082.02,True,NOTINVOLVED_INVESTMENT
54332657,F41,592674.95,True,NOTINVOLVED_INVESTMENT
54341739,F24,567654.51,True,NOTINVOLVED_INVESTMENT
54365904,F37,589124.25,True,NOTINVOLVED_INVESTMENT
54390128,F68,659095.18,True,NOTINVOLVED_INVESTMENT
54559755,F58,641661.66,True,NOTINVOLVED_INVESTMENT
54568995,F49,610569.92,True,NOTINVOLVED_INVESTMENT
54569144,F61,596657.65,True,NOTINVOLVED_INVESTMENT
54593959,f0,1669855.94,True,SHADOW_INVESTMENT
54603818,F27,553821.06,True,NOTINVOLVED_INVESTMENT
54628475,F44,607732.09,True,NOTINVOLVED_INVESTMENT
54638334,F30,604937.1,True,NOTINVOLVED_INVESTMENT
54651997,F47,621031.13,True,NOTINVOLVED_INVESTMENT
54674055,F26,640533.71,True,NOTINVOLVED_INVESTMENT
54766700,F14,636861.48,True,NOTINVOLVED_INVESTMENT
54787385,F63,650461.47,True,NOTINVOLVED_INVESTMENT
54818262,F13,554250.18,True,NOTINVOLVED_INVESTMENT
54840950,F21,559384.41,True,NOTINVOLVED_INVESTMENT
54856712,F6,655950.56,True,NOTINVOLVED_INVESTMENT
54883278,F77,628366.94,True,NOTINVOLVED_INVESTMENT
54902438,F36,650662.5,True,NOTINVOLVED_INVESTMENT
54904155,F18,640217.14,True,NOTINVOLVED_INVESTMENT
54923634,F8,650563.07,True,NOTINVOLVED_INVESTMENT
54963713,F15,648445.14,True,NOTINVOLVED_INVESTMENT
54990027,F66,629391.41,True,NOTINVOLVED_INVESTMENT
55032918,F31,563868.15,True,NOTINVOLVED_INVESTMENT
55051005,F56,553506.1,True,NOTINVOLVED_INVESTMENT
55059659,F32,657829.27,True,NOTINVOLVED_INVESTMENT
55084456,F11,562413.46,True,NOTINVOLVED_INVESTMENT
55114046,F35,586807.44,True,NOTINVOLVED_INVESTMENT
55274834,F53,655544.3,True,NOTINVOLVED_INVESTMENT
55284522,F17,560181.76,True,NOTINVOLVED_INVESTMENT
55318768,F2,602211.73,True,NOTINVOLVED_INVESTMENT
55384869,F43,587855.96,True,NOTINVOLVED_INVESTMENT
55387788,F78,550856.18,True,NOTINVOLVED_INVESTMENT
55391305,F71,548845.8,True,NOTINVOLVED_INVESTMENT
55430638,F22,615768.27,True,NOTINVOLVED_INVESTMENT
55484881,F52,651714.55,True,NOTINVOLVED_INVESTMENT
55636605,F62,615783.17,True,NOTINVOLVED_INVESTMENT
55637840,F50,584453.7,True,NOTINVOLVED_INVESTMENT
55686442,F3,613214.68,True,NOTINVOLVED_INVESTMENT
55750447,F38,601178.99,True,NOTINVOLVED_INVESTMENT
55757320,F34,652250.39,True,NOTINVOLVED_INVESTMENT
55775872,F10,615880.49,True,NOTINVOLVED_INVESTMENT
55791156,F29,566975.28,True,NOTINVOLVED_INVESTMENT
55817930,F59,567950.28,True,NOTINVOLVED_INVESTMENT
55831303,F73,634761.41,True,NOTINVOLVED_INVESTMENT
55860498,F19,649202.37,True,NOTINVOLVED_INVESTMENT
55893979,F7,559068.53,True,NOTINVOLVED_INVESTMENT
55899614,F72,582863.16,True,NOTINVOLVED_INVESTMENT
55933903,F1,560641.31,True,NOTINVOLVED_INVESTMENT
55995752,F48,647437.63,True,NOTINVOLVED_INVESTMENT
56055383,F55,548093.52,True,NOTINVOLVED_INVESTMENT
56083384,F33,599698.55,True,NOTINVOLVED_INVESTMENT
56142865,f1,757460.88,True,SHADOW_INVESTMENT
56163467,F67,571348.95,True,NOTINVOLVED_INVESTMENT
56173273,F42,584287.34,True,NOTINVOLVED_INVESTMENT
56176595,F12,633209.01,True,NOTINVOLVED_INVESTMENT
56211729,F75,641089.18,True,NOTINVOLVED_INVESTMENT
56267855,F76,613621.71,True,NOTINVOLVED_INVESTMENT
56280110,F46,633082.11,True,NOTINVOLVED_INVESTMENT
56304786,F25,550793.96,True,NOTINVOLVED_INVESTMENT
56331287,F39,605581.95,True,NOTINVOLVED_INVESTMENT
56360790,F60,620774.11,True,NOTINVOLVED_INVESTMENT
56383104,F5,540580.45,True,NOTINVOLVED_INVESTMENT
56428958,F20,589715.69,True,NOTINVOLVED_INVESTMENT
56452677,F65,616354.66,True,NOTINVOLVED_INVESTMENT
56472009,F23,597106.38,True,NOTINVOLVED_INVESTMENT
56474042,F40,555804.39,True,NOTINVOLVED_INVESTMENT
56483407,F9,558102.17,True,NOTINVOLVED_INVESTMENT
56487158,F64,544742.25,True,NOTINVOLVED_INVESTMENT
56581486,F4,615948.81,True,NOTINVOLVED_INVESTMENT
56614747,F57,654477.62,True,NOTINVOLVED_INVESTMENT
56625736,F44,603742.67,True,NOTINVOLVED_INVESTMENT
56628701,F51,569078.53,True,NOTINVOLVED_INVESTMENT
56714036,F26,633169.03,True,NOTINVOLVED_INVESTMENT
56731529,F63,585461.97,True,NOTINVOLVED_INVESTMENT
56735422,F37,548624.17,True,NOTINVOLVED_INVESTMENT
56749268,F47,551014.43,True,NOTINVOLVED_INVESTMENT
56794767,F45,648658.34,True,NOTINVOLVED_INVESTMENT
56801171,F0,622007.91,True,NOTINVOLVED_INVESTMENT
56814035,F68,577068.07,True,NOTINVOLVED_INVESTMENT
56852033,F28,595773.5,True,NOTINVOLVED_INVESTMENT
56854168,F54,617099.6,True,NOTINVOLVED_INVESTMENT
56876566,F13,635229.19,True,NOTINVOLVED_INVESTMENT
56888056,F15,612301.43,True,NOTINVOLVED_INVESTMENT
56994956,F70,575725.07,True,NOTINVOLVED_INVESTMENT
57008765,F24,638165.19,True,NOTINVOLVED_INVESTMENT
57023422,F79,614214.0,True,NOTINVOLVED_INVESTMENT
57077122,F16,619137.21,True,NOTINVOLVED_INVESTMENT
57086607,F14,584561.15,True,NOTINVOLVED_INVESTMENT
57086734,F30,615994.73,True,NOTINVOLVED_INVESTMENT
57134838,F74,547890.58,True,NOTINVOLVED_INVESTMENT
57200191,F77,556990.01,True,NOTINVOLVED_INVESTMENT
57311001,F61,647411.37,True,NOTINVOLVED_INVESTMENT
57313413,F69,647423.2,True,NOTINVOLVED_INVESTMENT
57453836,F31,584211.89,True,NOTINVOLVED_INVESTMENT
57485795,F52,638527.37,True,NOTINVOLVED_INVESTMENT
57500228,F21,626893.01,True,NOTINVOLVED_INVESTMENT
57531725,F8,563850.58,True,NOTINVOLVED_INVESTMENT
57558441,F49,640774.67,True,NOTINVOLVED_INVESTMENT
57562520,F17,559502.75,True,NOTINVOLVED_INVESTMENT
57576830,F41,618696.67,True,NOTINVOLVED_INVESTMENT
57631578,F2,619960.48,True,NOTINVOLVED_INVESTMENT
57642921,F18,556983.07,True,NOTINVOLVED_INVESTMENT
57653079,F27,561567.85,True,NOTINVOLVED_INVESTMENT
57670754,F38,596646.33,True,NOTINVOLVED_INVESTMENT
57733635,F43,551311.26,True,NOTINVOLVED_INVESTMENT
57767543,F11,556686.12,True,NOTINVOLVED_INVESTMENT
57823987,F56,627359.42,True,NOTINVOLVED_INVESTMENT
57845037,F58,622796.31,True,NOTINVOLVED_INVESTMENT
57869254,F3,586007.77,True,NOTINVOLVED_INVESTMENT
57904784,F32,579878.02,True,NOTINVOLVED_INVESTMENT
57915912,F22,575588.81,True,NOTINVOLVED_INVESTMENT
57922344,F55,600773.6,True,NOTINVOLVED_INVESTMENT
57922908,F6,574606.18,True,NOTINVOLVED_INVESTMENT
57995898,F66,549510.7,True,NOTINVOLVED_INVESTMENT
58006094,F72,592819.31,True,NOTINVOLVED_INVESTMENT
58071646,F73,602289.22,True,NOTINVOLVED_INVESTMENT
58109128,F36,651330.95,True,NOTINVOLVED_INVESTMENT
58114134,F29,648263.83,True,NOTINVOLVED_INVESTMENT
58122271,f3,674005.84,True,SHADOW_INVESTMENT
58138773,F34,594532.65,True,NOTINVOLVED_INVESTMENT
58153808,F53,653462.34,True,NOTINVOLVED_INVESTMENT
58245637,F35,574444.04,True,NOTINVOLVED_INVESTMENT
58277297,F10,658519.78,True,NOTINVOLVED_INVESTMENT
58312246,F59,601896.96,True,NOTINVOLVED_INVESTMENT
58357587,F12,627797.22,True,NOTINVOLVED_INVESTMENT
58439360,F25,562504.26,True,NOTINVOLVED_INVESTMENT
58439496,F19,588553.81,True,NOTINVOLVED_INVESTMENT
58469730,F46,540728.95,True,NOTINVOLVED_INVESTMENT
58507430,F4,544701.39,True,NOTINVOLVED_INVESTMENT
58587312,F26,621962.35,True,NOTINVOLVED_INVESTMENT
58632552,F71,550683.4,True,NOTINVOLVED_INVESTMENT
58712071,F40,617102.5,True,NOTINVOLVED_INVESTMENT
58730380,F78,602060.85,True,NOTINVOLVED_INVESTMENT
58777592,F1,570190.73,True,NOTINVOLVED_INVESTMENT
58781851,F62,555048.14,True,NOTINVOLVED_INVESTMENT
58792577,F42,599791.52,True,NOTINVOLVED_INVESTMENT
58801910,F51,644146.76,True,NOTINVOLVED_INVESTMENT
58822116,F23,641300.21,True,NOTINVOLVED_INVESTMENT
58856295,F28,542069.84,True,NOTINVOLVED_INVESTMENT
58868276,F57,638459.26,True,NOTINVOLVED_INVESTMENT
58875046,F5,642679.54,True,NOTINVOLVED_INVESTMENT
58900767,F15,576276.75,True,NOTINVOLVED_INVESTMENT
58928989,F70,655230.67,True,NOTINVOLVED_INVESTMENT
59000732,F50,574487.24,True,NOTINVOLVED_INVESTMENT
59019219,F33,596164.37,True,NOTINVOLVED_INVESTMENT
59049171,F39,562005.71,True,NOTINVOLVED_INVESTMENT
59056014,F30,619245.01,True,NOTINVOLVED_INVESTMENT
59066060,F67,658283.49,True,NOTINVOLVED_INVESTMENT
59068620,F16,560142.49,True,NOTINVOLVED_INVESTMENT
59097294,F37,624401.28,True,NOTINVOLVED_INVESTMENT
59170596,F75,631934.26,True,NOTINVOLVED_INVESTMENT
59177060,F65,600961.41,True,NOTINVOLVED_INVESTMENT
59190706,F7,619930.73,True,NOTINVOLVED_INVESTMENT
59208952,F76,642360.81,True,NOTINVOLVED_INVESTMENT
59291872,F60,572941.09,True,NOTINVOLVED_INVESTMENT
59342150,F64,611806.28,True,NOTINVOLVED_INVESTMENT
59351269,F48,652354.54,True,NOTINVOLVED_INVESTMENT
59389489,F68,595932.17,True,NOTINVOLVED_INVESTMENT
59404629,F52,616257.76,True,NOTINVOLVED_INVESTMENT
59435873,F0,545501.92,True,NOTINVOLVED_INVESTMENT
59480850,F69,607124.39,True,NOTINVOLVED_INVESTMENT
59482355,F47,611534.13,True,NOTINVOLVED_INVESTMENT
59486714,F31,562159.12,True,NOTINVOLVED_INVESTMENT
59508533,F9,594535.32,True,NOTINVOLVED_INVESTMENT
59531525,F13,576098.85,True,NOTINVOLVED_INVESTMENT
59599619,F14,612773.92,True,NOTINVOLVED_INVESTMENT
59645316,F20,625701.85,True,NOTINVOLVED_INVESTMENT
59691224,F56,598854.68,True,NOTINVOLVED_INVESTMENT
59797512,F58,623498.91,True,NOTINVOLVED_INVESTMENT
59877734,F8,540908.48,True,NOTINVOLVED_INVESTMENT
59933835,F18,597630.98,True,NOTINVOLVED_INVESTMENT
59944969,F63,581954.31,True,NOTINVOLVED_INVESTMENT
59982465,F44,614232.41,True,NOTINVOLVED_INVESTMENT
59993163,F66,543770.65,True,NOTINVOLVED_INVESTMENT
59997974,F6,598536.67,True,NOTINVOLVED_INVESTMENT
60000871,F45,556830.05,True,NOTINVOLVED_INVESTMENT
60025706,F11,580354.64,True,NOTINVOLVED_INVESTMENT
60040481,F55,635037.63,True,NOTINVOLVED_INVESTMENT
60170111,F74,634996.48,True,NOTINVOLVED_INVESTMENT
60189200,F77,594497.64,True,NOTINVOLVED_INVESTMENT
60189299,F59,554881.29,True,NOTINVOLVED_INVESTMENT
60205452,F41,654503.83,True,NOTINVOLVED_INVESTMENT
60213026,F54,591746.43,True,NOTINVOLVED_INVESTMENT
60215996,F3,544031.92,True,NOTINVOLVED_INVESTMENT
60227224,F79,620415.18,True,NOTINVOLVED_INVESTMENT
60232091,F49,557238.39,True,NOTINVOLVED_INVESTMENT
60270418,F24,608989.96,True,NOTINVOLVED_INVESTMENT
60316091,F53,571452.93,True,NOTINVOLVED_INVESTMENT
60397933,F32,656936.96,True,NOTINVOLVED_INVESTMENT
60418474,F38,609326.46,True,NOTINVOLVED_INVESTMENT
60422611,F27,548753.12,True,NOTINVOLVED_INVESTMENT
60513174,F26,571228.98,True,NOTINVOLVED_INVESTMENT
60520345,F35,622197.78,True,NOTINVOLVED_INVESTMENT
60546115,F61,607788.59,True,NOTINVOLVED_INVESTMENT
60579516,F17,658223.14,True,NOTINVOLVED_INVESTMENT
60607069,F21,549388.88,True,NOTINVOLVED_INVESTMENT
60742551,F73,637795.12,True,NOTINVOLVED_INVESTMENT
60743195,F22,567189.31,True,NOTINVOLVED_INVESTMENT
60763922,F28,624164.54,True,NOTINVOLVED_INVESTMENT
60811200,F29,561092.98,True,NOTINVOLVED_INVESTMENT
60830141,F2,620274.83,True,NOTINVOLVED_INVESTMENT
60864833,F4,582417.39,True,NOTINVOLVED_INVESTMENT
60864908,F36,638734.16,True,NOTINVOLVED_INVESTMENT
60911586,F50,568560.43,True,NOTINVOLVED_INVESTMENT
60941967,F33,630089.73,True,NOTINVOLVED_INVESTMENT
60967451,F12,657147.36,True,NOTINVOLVED_INVESTMENT
61043506,F43,589515.18,True,NOTINVOLVED_INVESTMENT
61079119,F67,608343.34,True,NOTINVOLVED_INVESTMENT
61112529,F1,654849.39,True,NOTINVOLVED_INVESTMENT
61125318,F23,628097.07,True,NOTINVOLVED_INVESTMENT
61127991,F72,594853.34,True,NOTINVOLVED_INVESTMENT
61128550,F62,575957.64,True,NOTINVOLVED_INVESTMENT
61198092,F42,545715.8,True,NOTINVOLVED_INVESTMENT
61224925,F64,551668.25,True,NOTINVOLVED_INVESTMENT
61232366,F10,585415.8,True,NOTINVOLVED_INVESTMENT
61264015,F76,563568.63,True,NOTINVOLVED_INVESTMENT
61282230,F34,606842.33,True,NOTINVOLVED_INVESTMENT
61320104,F37,641856.88,True,NOTINVOLVED_INVESTMENT
61355674,F71,622605.51,True,NOTINVOLVED_INVESTMENT
61398775,F46,607800.3,True,NOTINVOLVED_INVESTMENT
61428161,F57,561098.7,True,NOTINVOLVED_INVESTMENT
61465393,F31,541726.44,True,NOTINVOLVED_INVESTMENT
61583330,F19,647740.89,True,NOTINVOLVED_INVESTMENT
61604684,F14,652259.29,True,NOTINVOLVED_INVESTMENT
61621779,F70,619430.26,True,NOTINVOLVED_INVESTMENT
61637126,F75,599014.66,True,NOTINVOLVED_INVESTMENT
61638618,F5,546615.87,True,NOTINVOLVED_INVESTMENT
61650642,F47,550504.96,True,NOTINVOLVED_INVESTMENT
61652358,F60,591847.1,True,NOTINVOLVED_INVESTMENT
61669293,F9,588332.3,True,NOTINVOLVED_INVESTMENT
61688727,F39,642312.48,True,NOTINVOLVED_INVESTMENT
61725371,F15,581223.49,True,NOTINVOLVED_INVESTMENT
61733296,F25,612815.8,True,NOTINVOLVED_INVESTMENT
61794439,F16,557438.63,True,NOTINVOLVED_INVESTMENT
61799017,F78,600531.61,True,NOTINVOLVED_INVESTMENT
61864138,F52,592300.09,True,NOTINVOLVED_INVESTMENT
61877947,F65,561003.88,True,NOTINVOLVED_INVESTMENT
61907762,F44,546222.7,True,NOTINVOLVED_INVESTMENT
61982670,F48,600391.58,True,NOTINVOLVED_INVESTMENT
61989135,F40,608511.74,True,NOTINVOLVED_INVESTMENT
61990626,F13,581391.37,True,NOTINVOLVED_INVESTMENT
62049001,F77,616840.92,True,NOTINVOLVED_INVESTMENT
62099186,F41,581081.25,True,NOTINVOLVED_INVESTMENT
62134780,F20,566798.17,True,NOTINVOLVED_INVESTMENT
62184726,F51,626132.42,True,NOTINVOLVED_INVESTMENT
62203370,F30,599610.06,True,NOTINVOLVED_INVESTMENT
62204727,F54,549748.89,True,NOTINVOLVED_INVESTMENT
62435081,F68,622494.0,True,NOTINVOLVED_INVESTMENT
62438216,F8,603816.27,True,NOTINVOLVED_INVESTMENT
62442657,F7,608373.39,True,NOTINVOLVED_INVESTMENT
62450675,F0,542275.28,True,NOTINVOLVED_INVESTMENT
62460780,F53,564289.59,True,NOTINVOLVED_INVESTMENT
62462858,F32,591797.91,True,NOTINVOLVED_INVESTMENT
62477367,F69,573965.42,True,NOTINVOLVED_INVESTMENT
62514519,F56,629126.66,True,NOTINVOLVED_INVESTMENT
62516761,F11,599693.64,True,NOTINVOLVED_INVESTMENT
62561761,F27,603738.32,True,NOTINVOLVED_INVESTMENT
62636196,F63,589331.26,True,NOTINVOLVED_INVESTMENT
62700712,F38,658501.55,True,NOTINVOLVED_INVESTMENT
62721703,F18,575877.4,True,NOTINVOLVED_INVESTMENT
62757964,F28,573946.6,True,NOTINVOLVED_INVESTMENT
62791937,F3,648425.27,True,NOTINVOLVED_INVESTMENT
62865269,F58,560382.83,True,NOTINVOLVED_INVESTMENT
62939855,F17,655551.94,True,NOTINVOLVED_INVESTMENT
62952234,F35,569393.17,True,NOTINVOLVED_INVESTMENT
63021931,F61,585859.59,True,NOTINVOLVED_INVESTMENT
63051313,F42,556027.02,True,NOTINVOLVED_INVESTMENT
